State_and_territory,SA3_name,Year,Participation_Per
NSW,Goulburn - Yass,2015,38.5
NSW,Queanbeyan,2015,38.9
NSW,Snowy Mountains,2015,40.1
NSW,South Coast,2015,44.2
NSW,Gosford,2015,36.6
NSW,Wyong,2015,36.1
NSW,Bathurst,2015,38.7
NSW,Lachlan Valley,2015,36.3
NSW,Lithgow - Mudgee,2015,36.4
NSW,Orange,2015,38.5
NSW,Clarence Valley,2015,40.5
NSW,Coffs Harbour,2015,40.1
NSW,Bourke - Cobar - Coonamble,2015,27.6
NSW,Broken Hill and Far West,2015,35.5
NSW,Dubbo,2015,34.8
NSW,Lower Hunter,2015,37.1
NSW,Maitland,2015,37.5
NSW,Port Stephens,2015,41.3
NSW,Upper Hunter,2015,33.3
NSW,Dapto - Port Kembla,2015,34.5
NSW,Illawarra Catchment Reserve,2015,41.38559471
NSW,Kiama - Shellharbour,2015,39.1
NSW,Wollongong,2015,38.7
NSW,Great Lakes,2015,44
NSW,Kempsey - Nambucca,2015,38.5
NSW,Lord Howe Island,2015,41.38559471
NSW,Port Macquarie,2015,41.9
NSW,Taree - Gloucester,2015,41.5
NSW,Albury,2015,41.5
NSW,Lower Murray,2015,36.7
NSW,Upper Murray exc. Albury,2015,43
NSW,Armidale,2015,41.8
NSW,Inverell - Tenterfield,2015,37.6
NSW,Moree - Narrabri,2015,32.3
NSW,Tamworth - Gunnedah,2015,38.7
NSW,Lake Macquarie - East,2015,40.8
NSW,Lake Macquarie - West,2015,40.6
NSW,Newcastle,2015,38.4
NSW,Richmond Valley - Coastal,2015,38.8
NSW,Richmond Valley - Hinterland,2015,38.9
NSW,Tweed Valley,2015,38.6
NSW,Griffith - Murrumbidgee (West),2015,33.1
NSW,Tumut - Tumbarumba,2015,39.1
NSW,Wagga Wagga,2015,37.4
NSW,Shoalhaven,2015,41.8
NSW,Southern Highlands,2015,38.3
NSW,Baulkham Hills,2015,38.2
NSW,Dural - Wisemans Ferry,2015,35
NSW,Hawkesbury,2015,37.5
NSW,Rouse Hill - McGraths Hill,2015,34.3
NSW,Blacktown,2015,31.1
NSW,Blacktown - North,2015,32.7
NSW,Mount Druitt,2015,25.3
NSW,Botany,2015,31.3
NSW,Marrickville - Sydenham - Petersham,2015,34.2
NSW,Sydney Inner City,2015,30.7
NSW,Eastern Suburbs - North,2015,30.8
NSW,Eastern Suburbs - South,2015,33.8
NSW,Bankstown,2015,32.4
NSW,Canterbury,2015,29.5
NSW,Hurstville,2015,35.2
NSW,Kogarah - Rockdale,2015,31.4
NSW,Canada Bay,2015,34.7
NSW,Leichhardt,2015,35.4
NSW,Strathfield - Burwood - Ashfield,2015,32.9
NSW,Chatswood - Lane Cove,2015,37.3
NSW,Hornsby,2015,38.2
NSW,Ku-ring-gai,2015,39
NSW,North Sydney - Mosman,2015,37.3
NSW,Manly,2015,40.8
NSW,Pittwater,2015,39.8
NSW,Warringah,2015,38.9
NSW,Camden,2015,34.5
NSW,Campbelltown (NSW),2015,30.3
NSW,Wollondilly,2015,37.5
NSW,Blue Mountains,2015,38.8
NSW,Blue Mountains - South,2015,41.38559471
NSW,Penrith,2015,32.7
NSW,Richmond - Windsor,2015,31
NSW,St Marys,2015,29.3
NSW,Auburn,2015,31.9
NSW,Carlingford,2015,36.1
NSW,Merrylands - Guildford,2015,31
NSW,Parramatta,2015,33.8
NSW,Pennant Hills - Epping,2015,39.9
NSW,Ryde - Hunters Hill,2015,36.7
NSW,Bringelly - Green Valley,2015,29.5
NSW,Fairfield,2015,34.4
NSW,Liverpool,2015,30
NSW,Cronulla - Miranda - Caringbah,2015,35.4
NSW,Sutherland - Menai - Heathcote,2015,36.6
Vic,Ballarat,2015,46
Vic,Creswick - Daylesford - Ballan,2015,40.9
Vic,Maryborough - Pyrenees,2015,43.1
Vic,Bendigo,2015,45.3
Vic,Heathcote - Castlemaine - Kyneton,2015,44.4
Vic,Loddon - Elmore,2015,41.4
Vic,Barwon - West,2015,43.1
Vic,Geelong,2015,40.7
Vic,Surf Coast - Bellarine Peninsula,2015,47.4
Vic,Upper Goulburn Valley,2015,42.3
Vic,Wangaratta - Benalla,2015,46.5
Vic,Wodonga - Alpine,2015,45.2
Vic,Baw Baw,2015,44.4
Vic,Gippsland - East,2015,51.2
Vic,Gippsland - South West,2015,46.2
Vic,Latrobe Valley,2015,43.1
Vic,Wellington,2015,44.6
Vic,Brunswick - Coburg,2015,37.2
Vic,Darebin - South,2015,40.7
Vic,Essendon,2015,40.1
Vic,Melbourne City,2015,35.3
Vic,Port Phillip,2015,36.7
Vic,Stonnington - West,2015,35.1
Vic,Yarra,2015,39.5
Vic,Boroondara,2015,42.1
Vic,Manningham - West,2015,41.8
Vic,Whitehorse - West,2015,42.4
Vic,Bayside,2015,41.7
Vic,Glen Eira,2015,35.8
Vic,Kingston,2015,38.8
Vic,Stonnington - East,2015,40.2
Vic,Banyule,2015,43.7
Vic,Darebin - North,2015,35.4
Vic,Nillumbik - Kinglake,2015,44.9
Vic,Whittlesea - Wallan,2015,35.7
Vic,Keilor,2015,40.2
Vic,Macedon Ranges,2015,42.8
Vic,Moreland - North,2015,35
Vic,Sunbury,2015,39.1
Vic,Tullamarine - Broadmeadows,2015,32.8
Vic,Knox,2015,39.8
Vic,Manningham - East,2015,43
Vic,Maroondah,2015,41.5
Vic,Whitehorse - East,2015,43.5
Vic,Yarra Ranges,2015,41.2
Vic,Cardinia,2015,38.1
Vic,Casey - North,2015,36.2
Vic,Casey - South,2015,32.5
Vic,Dandenong,2015,35.2
Vic,Monash,2015,40.5
Vic,Brimbank,2015,36.3
Vic,Hobsons Bay,2015,38.9
Vic,Maribyrnong,2015,37
Vic,Melton - Bacchus Marsh,2015,35.6
Vic,Wyndham,2015,34.7
Vic,Frankston,2015,35.8
Vic,Mornington Peninsula,2015,42.3
Vic,Grampians,2015,43
Vic,Mildura,2015,39.7
Vic,Murray River - Swan Hill,2015,40.8
Vic,Campaspe,2015,42.4
Vic,Moira,2015,40.8
Vic,Shepparton,2015,41.5
Vic,Glenelg - Southern Grampians,2015,43.7
Vic,Warrnambool - Otway Ranges,2015,42
Qld,Capalaba,2015,38
Qld,Cleveland - Stradbroke,2015,39
Qld,Wynnum - Manly,2015,37.4
Qld,Bald Hills - Everton Park,2015,41.7
Qld,Chermside,2015,37.8
Qld,Nundah,2015,37.1
Qld,Sandgate,2015,39.5
Qld,Carindale,2015,37.9
Qld,Holland Park - Yeronga,2015,36
Qld,Mt Gravatt,2015,38.3
Qld,Nathan,2015,38.4
Qld,Rocklea - Acacia Ridge,2015,35.1
Qld,Sunnybank,2015,37.7
Qld,Centenary,2015,40.7
Qld,Kenmore - Brookfield - Moggill,2015,40.4
Qld,Sherwood - Indooroopilly,2015,41.7
Qld,The Gap - Enoggera,2015,42
Qld,Brisbane Inner,2015,35.3
Qld,Brisbane Inner - East,2015,35.7
Qld,Brisbane Inner - North,2015,35.4
Qld,Brisbane Inner - West,2015,38.3
Qld,Cairns - North,2015,39.6
Qld,Cairns - South,2015,36.5
Qld,Innisfail - Cassowary Coast,2015,40.8
Qld,Port Douglas - Daintree,2015,36.2
Qld,Tablelands (East) - Kuranda,2015,40.9
Qld,Darling Downs (West) - Maranoa,2015,36.8
Qld,Darling Downs - East,2015,40.1
Qld,Granite Belt,2015,39.6
Qld,Central Highlands (Qld),2015,33.6
Qld,Gladstone - Biloela,2015,36.9
Qld,Rockhampton,2015,39.9
Qld,Broadbeach - Burleigh,2015,37.6
Qld,Coolangatta,2015,37.5
Qld,Gold Coast - North,2015,36.6
Qld,Gold Coast Hinterland,2015,37.8
Qld,Mudgeeraba - Tallebudgera,2015,36.1
Qld,Nerang,2015,36.1
Qld,Ormeau - Oxenford,2015,35.3
Qld,Robina,2015,35.9
Qld,Southport,2015,34.8
Qld,Surfers Paradise,2015,34.7
Qld,Forest Lake - Oxley,2015,35
Qld,Ipswich Hinterland,2015,38.1
Qld,Ipswich Inner,2015,33.6
Qld,Springfield - Redbank,2015,31.6
Qld,Beaudesert,2015,36.7
Qld,Beenleigh,2015,33.7
Qld,Browns Plains,2015,31.7
Qld,Jimboomba,2015,34.2
Qld,Loganlea - Carbrook,2015,35.2
Qld,Springwood - Kingston,2015,32.5
Qld,Bowen Basin - North,2015,37.5
Qld,Mackay,2015,42.1
Qld,Whitsunday,2015,40
Qld,Bribie - Beachmere,2015,43.4
Qld,Caboolture,2015,35.1
Qld,Caboolture Hinterland,2015,41.3
Qld,Narangba - Burpengary,2015,38.8
Qld,Redcliffe,2015,39.4
Qld,Hills District,2015,42.2
Qld,North Lakes,2015,38.6
Qld,Strathpine,2015,39.4
Qld,Far North,2015,23.3
Qld,Outback - North,2015,23.7
Qld,Outback - South,2015,37.3
Qld,Buderim,2015,41.8
Qld,Caloundra,2015,42.8
Qld,Maroochy,2015,40.7
Qld,Nambour - Pomona,2015,41.7
Qld,Noosa,2015,41.1
Qld,Sunshine Coast Hinterland,2015,41.4
Qld,Toowoomba,2015,39.7
Qld,Charters Towers - Ayr - Ingham,2015,34.6
Qld,Townsville,2015,34.5
Qld,Bundaberg,2015,43.8
Qld,Burnett,2015,43.3
Qld,Gympie - Cooloola,2015,43.2
Qld,Hervey Bay,2015,44.4
Qld,Maryborough,2015,42.4
WA,Augusta - Margaret River - Busselton,2015,47.9
WA,Bunbury,2015,44.1
WA,Manjimup,2015,48.1
WA,Mandurah,2015,43.7
WA,Cottesloe - Claremont,2015,43.1
WA,Perth City,2015,39.9
WA,Bayswater - Bassendean,2015,38.4
WA,Mundaring,2015,43.9
WA,Swan,2015,37
WA,Joondalup,2015,46.4
WA,Stirling,2015,41.8
WA,Wanneroo,2015,38.7
WA,Armadale,2015,38.5
WA,Belmont - Victoria Park,2015,38
WA,Canning,2015,42.3
WA,Gosnells,2015,38.3
WA,Kalamunda,2015,42.4
WA,Serpentine - Jarrahdale,2015,40.5
WA,South Perth,2015,42.4
WA,Cockburn,2015,38
WA,Fremantle,2015,41
WA,Kwinana,2015,31.3
WA,Melville,2015,45.8
WA,Rockingham,2015,40.1
WA,Esperance,2015,46.4
WA,Gascoyne,2015,33.2
WA,Goldfields,2015,28.8
WA,Kimberley,2015,22.5
WA,Mid West,2015,38.6
WA,Pilbara,2015,25.4
WA,Albany,2015,47.1
WA,Wheat Belt - North,2015,41.8
WA,Wheat Belt - South,2015,44.1
SA,Adelaide City,2015,41.3
SA,Adelaide Hills,2015,48.2
SA,Burnside,2015,49.1
SA,Campbelltown (SA),2015,44.7
SA,Norwood - Payneham - St Peters,2015,45.7
SA,Prospect - Walkerville,2015,46.2
SA,Unley,2015,47.5
SA,Gawler - Two Wells,2015,45.3
SA,Playford,2015,36.8
SA,Port Adelaide - East,2015,42.3
SA,Salisbury,2015,40.9
SA,Tea Tree Gully,2015,49.6
SA,Holdfast Bay,2015,52.7
SA,Marion,2015,47.4
SA,Mitcham,2015,50.8
SA,Onkaparinga,2015,48
SA,Charles Sturt,2015,44.3
SA,Port Adelaide - West,2015,40.2
SA,West Torrens,2015,44.7
SA,Barossa,2015,47.4
SA,Lower North,2015,48
SA,Mid North,2015,45.3
SA,Yorke Peninsula,2015,54.3
SA,Eyre Peninsula and South West,2015,42.4
SA,Outback - North and East,2015,37.7
SA,Fleurieu - Kangaroo Island,2015,52.1
SA,Limestone Coast,2015,45
SA,Murray and Mallee,2015,45.5
Tas,Brighton,2015,37.6
Tas,Hobart - North East,2015,46.4
Tas,Hobart - North West,2015,38
Tas,Hobart - South and West,2015,49.9
Tas,Hobart Inner,2015,46.6
Tas,Sorell - Dodges Ferry,2015,41.4
Tas,Launceston,2015,43.1
Tas,Meander Valley - West Tamar,2015,47.6
Tas,North East,2015,44.1
Tas,Central Highlands (Tas.),2015,38.4
Tas,Huon - Bruny Island,2015,45.1
Tas,South East Coast,2015,49.1
Tas,Burnie - Ulverstone,2015,44.5
Tas,Devonport,2015,46.7
Tas,West Coast,2015,41.2
ACT,Belconnen,2015,41.9
ACT,Cotter - Namadgi,2015,41.38559471
ACT,Fyshwick - Pialligo - Hume,2015,41.38559471
ACT,Gungahlin,2015,39.7
ACT,North Canberra,2015,41.3
ACT,South Canberra,2015,42.8
ACT,Tuggeranong,2015,40.9
ACT,Weston Creek,2015,45.8
ACT,Woden,2015,44.8
NT,Darwin City,2015,30.6
NT,Darwin Suburbs,2015,32.2
NT,Litchfield,2015,32.3
NT,Palmerston,2015,29.4
NT,Alice Springs,2015,25.1
NT,Barkly,2015,17.2
NT,Daly - Tiwi - West Arnhem,2015,22.8
NT,East Arnhem,2015,11.3
NT,Katherine,2015,21.4
NSW,Goulburn - Yass,2016,41
NSW,Queanbeyan,2016,39.6
NSW,Snowy Mountains,2016,43.3
NSW,South Coast,2016,46.3
NSW,Gosford,2016,39.1
NSW,Wyong,2016,38
NSW,Bathurst,2016,41
NSW,Lachlan Valley,2016,39.4
NSW,Lithgow - Mudgee,2016,39.6
NSW,Orange,2016,41.1
NSW,Clarence Valley,2016,43.1
NSW,Coffs Harbour,2016,42.5
NSW,Bourke - Cobar - Coonamble,2016,29.4
NSW,Broken Hill and Far West,2016,35.1
NSW,Dubbo,2016,37.1
NSW,Lower Hunter,2016,39.3
NSW,Maitland,2016,41.4
NSW,Port Stephens,2016,45.3
NSW,Upper Hunter,2016,37.5
NSW,Dapto - Port Kembla,2016,36.9
NSW,Illawarra Catchment Reserve,2016,41.38559471
NSW,Kiama - Shellharbour,2016,41.8
NSW,Wollongong,2016,40.3
NSW,Great Lakes,2016,47
NSW,Kempsey - Nambucca,2016,40.7
NSW,Lord Howe Island,2016,41.38559471
NSW,Port Macquarie,2016,44.4
NSW,Taree - Gloucester,2016,45.9
NSW,Albury,2016,43.3
NSW,Lower Murray,2016,39.1
NSW,Upper Murray exc. Albury,2016,44.8
NSW,Armidale,2016,44.6
NSW,Inverell - Tenterfield,2016,38.8
NSW,Moree - Narrabri,2016,32.4
NSW,Tamworth - Gunnedah,2016,40.8
NSW,Lake Macquarie - East,2016,44.9
NSW,Lake Macquarie - West,2016,43.9
NSW,Newcastle,2016,41.3
NSW,Richmond Valley - Coastal,2016,41.3
NSW,Richmond Valley - Hinterland,2016,40.3
NSW,Tweed Valley,2016,41.2
NSW,Griffith - Murrumbidgee (West),2016,36.9
NSW,Tumut - Tumbarumba,2016,41.3
NSW,Wagga Wagga,2016,40.2
NSW,Shoalhaven,2016,45
NSW,Southern Highlands,2016,41.1
NSW,Baulkham Hills,2016,40.1
NSW,Dural - Wisemans Ferry,2016,37.5
NSW,Hawkesbury,2016,39.2
NSW,Rouse Hill - McGraths Hill,2016,35.7
NSW,Blacktown,2016,32.7
NSW,Blacktown - North,2016,33.9
NSW,Mount Druitt,2016,27.1
NSW,Botany,2016,33
NSW,Marrickville - Sydenham - Petersham,2016,34.5
NSW,Sydney Inner City,2016,32.1
NSW,Eastern Suburbs - North,2016,32.2
NSW,Eastern Suburbs - South,2016,34.7
NSW,Bankstown,2016,33.6
NSW,Canterbury,2016,31
NSW,Hurstville,2016,36.7
NSW,Kogarah - Rockdale,2016,33.1
NSW,Canada Bay,2016,37
NSW,Leichhardt,2016,37.1
NSW,Strathfield - Burwood - Ashfield,2016,34
NSW,Chatswood - Lane Cove,2016,39
NSW,Hornsby,2016,40.1
NSW,Ku-ring-gai,2016,40.5
NSW,North Sydney - Mosman,2016,38.7
NSW,Manly,2016,42.7
NSW,Pittwater,2016,42
NSW,Warringah,2016,41.4
NSW,Camden,2016,35.7
NSW,Campbelltown (NSW),2016,31.8
NSW,Wollondilly,2016,39.1
NSW,Blue Mountains,2016,41.9
NSW,Blue Mountains - South,2016,41.38559471
NSW,Penrith,2016,35
NSW,Richmond - Windsor,2016,33.3
NSW,St Marys,2016,30.8
NSW,Auburn,2016,32.6
NSW,Carlingford,2016,37.1
NSW,Merrylands - Guildford,2016,32.9
NSW,Parramatta,2016,34.4
NSW,Pennant Hills - Epping,2016,41.1
NSW,Ryde - Hunters Hill,2016,38.8
NSW,Bringelly - Green Valley,2016,31.6
NSW,Fairfield,2016,36.2
NSW,Liverpool,2016,31
NSW,Cronulla - Miranda - Caringbah,2016,37.8
NSW,Sutherland - Menai - Heathcote,2016,40.2
Vic,Ballarat,2016,47.5
Vic,Creswick - Daylesford - Ballan,2016,42.3
Vic,Maryborough - Pyrenees,2016,45.1
Vic,Bendigo,2016,48
Vic,Heathcote - Castlemaine - Kyneton,2016,46.6
Vic,Loddon - Elmore,2016,43.3
Vic,Barwon - West,2016,44.5
Vic,Geelong,2016,43.1
Vic,Surf Coast - Bellarine Peninsula,2016,50.6
Vic,Upper Goulburn Valley,2016,43.9
Vic,Wangaratta - Benalla,2016,47.9
Vic,Wodonga - Alpine,2016,46.4
Vic,Baw Baw,2016,48
Vic,Gippsland - East,2016,52.5
Vic,Gippsland - South West,2016,49.4
Vic,Latrobe Valley,2016,46.3
Vic,Wellington,2016,46.8
Vic,Brunswick - Coburg,2016,37.1
Vic,Darebin - South,2016,40.2
Vic,Essendon,2016,41.9
Vic,Melbourne City,2016,36.5
Vic,Port Phillip,2016,37.7
Vic,Stonnington - West,2016,36.4
Vic,Yarra,2016,40.4
Vic,Boroondara,2016,44
Vic,Manningham - West,2016,43.3
Vic,Whitehorse - West,2016,44
Vic,Bayside,2016,44
Vic,Glen Eira,2016,37.6
Vic,Kingston,2016,40.8
Vic,Stonnington - East,2016,41.3
Vic,Banyule,2016,47
Vic,Darebin - North,2016,36.3
Vic,Nillumbik - Kinglake,2016,46.6
Vic,Whittlesea - Wallan,2016,37.6
Vic,Keilor,2016,42.9
Vic,Macedon Ranges,2016,45
Vic,Moreland - North,2016,36.3
Vic,Sunbury,2016,42.7
Vic,Tullamarine - Broadmeadows,2016,34.7
Vic,Knox,2016,42.2
Vic,Manningham - East,2016,45.6
Vic,Maroondah,2016,44.2
Vic,Whitehorse - East,2016,45.8
Vic,Yarra Ranges,2016,42.9
Vic,Cardinia,2016,39.9
Vic,Casey - North,2016,38.2
Vic,Casey - South,2016,34.6
Vic,Dandenong,2016,36.8
Vic,Monash,2016,42.6
Vic,Brimbank,2016,38
Vic,Hobsons Bay,2016,40.7
Vic,Maribyrnong,2016,38.4
Vic,Melton - Bacchus Marsh,2016,36.8
Vic,Wyndham,2016,36.4
Vic,Frankston,2016,38.2
Vic,Mornington Peninsula,2016,44.8
Vic,Grampians,2016,44.6
Vic,Mildura,2016,40.3
Vic,Murray River - Swan Hill,2016,42.5
Vic,Campaspe,2016,43.7
Vic,Moira,2016,44.5
Vic,Shepparton,2016,42.9
Vic,Glenelg - Southern Grampians,2016,46.4
Vic,Warrnambool - Otway Ranges,2016,44.9
Qld,Capalaba,2016,40.8
Qld,Cleveland - Stradbroke,2016,41.2
Qld,Wynnum - Manly,2016,39.5
Qld,Bald Hills - Everton Park,2016,45
Qld,Chermside,2016,40.4
Qld,Nundah,2016,39.4
Qld,Sandgate,2016,42.4
Qld,Carindale,2016,39.9
Qld,Holland Park - Yeronga,2016,37.2
Qld,Mt Gravatt,2016,40
Qld,Nathan,2016,39.1
Qld,Rocklea - Acacia Ridge,2016,37.3
Qld,Sunnybank,2016,39.8
Qld,Centenary,2016,42.4
Qld,Kenmore - Brookfield - Moggill,2016,42.2
Qld,Sherwood - Indooroopilly,2016,41.8
Qld,The Gap - Enoggera,2016,44.2
Qld,Brisbane Inner,2016,36.3
Qld,Brisbane Inner - East,2016,37.6
Qld,Brisbane Inner - North,2016,37.3
Qld,Brisbane Inner - West,2016,40.1
Qld,Cairns - North,2016,40.1
Qld,Cairns - South,2016,37.7
Qld,Innisfail - Cassowary Coast,2016,43.5
Qld,Port Douglas - Daintree,2016,38.5
Qld,Tablelands (East) - Kuranda,2016,44
Qld,Darling Downs (West) - Maranoa,2016,39
Qld,Darling Downs - East,2016,41.4
Qld,Granite Belt,2016,42.5
Qld,Central Highlands (Qld),2016,34.5
Qld,Gladstone - Biloela,2016,38.7
Qld,Rockhampton,2016,41.9
Qld,Broadbeach - Burleigh,2016,40.1
Qld,Coolangatta,2016,38.9
Qld,Gold Coast - North,2016,39.3
Qld,Gold Coast Hinterland,2016,40.8
Qld,Mudgeeraba - Tallebudgera,2016,39.3
Qld,Nerang,2016,38.1
Qld,Ormeau - Oxenford,2016,37.2
Qld,Robina,2016,38.8
Qld,Southport,2016,37.4
Qld,Surfers Paradise,2016,37.3
Qld,Forest Lake - Oxley,2016,36.6
Qld,Ipswich Hinterland,2016,39.9
Qld,Ipswich Inner,2016,36.4
Qld,Springfield - Redbank,2016,33.4
Qld,Beaudesert,2016,39
Qld,Beenleigh,2016,36.1
Qld,Browns Plains,2016,33.1
Qld,Jimboomba,2016,36.7
Qld,Loganlea - Carbrook,2016,37.9
Qld,Springwood - Kingston,2016,34.2
Qld,Bowen Basin - North,2016,39.1
Qld,Mackay,2016,44.8
Qld,Whitsunday,2016,41.4
Qld,Bribie - Beachmere,2016,47.3
Qld,Caboolture,2016,38
Qld,Caboolture Hinterland,2016,44.1
Qld,Narangba - Burpengary,2016,41
Qld,Redcliffe,2016,42.4
Qld,Hills District,2016,44.2
Qld,North Lakes,2016,41.3
Qld,Strathpine,2016,41.6
Qld,Far North,2016,26.5
Qld,Outback - North,2016,25.8
Qld,Outback - South,2016,38.6
Qld,Buderim,2016,45
Qld,Caloundra,2016,46.1
Qld,Maroochy,2016,44.3
Qld,Nambour - Pomona,2016,43.5
Qld,Noosa,2016,45
Qld,Sunshine Coast Hinterland,2016,45.5
Qld,Toowoomba,2016,42.3
Qld,Charters Towers - Ayr - Ingham,2016,36.6
Qld,Townsville,2016,35.7
Qld,Bundaberg,2016,47.5
Qld,Burnett,2016,45.7
Qld,Gympie - Cooloola,2016,45.4
Qld,Hervey Bay,2016,47.6
Qld,Maryborough,2016,45.5
WA,Augusta - Margaret River - Busselton,2016,50
WA,Bunbury,2016,45
WA,Manjimup,2016,50.6
WA,Mandurah,2016,47.2
WA,Cottesloe - Claremont,2016,45.1
WA,Perth City,2016,41.4
WA,Bayswater - Bassendean,2016,41.5
WA,Mundaring,2016,44.6
WA,Swan,2016,38.1
WA,Joondalup,2016,47.9
WA,Stirling,2016,43.6
WA,Wanneroo,2016,40.2
WA,Armadale,2016,40
WA,Belmont - Victoria Park,2016,38.5
WA,Canning,2016,43.3
WA,Gosnells,2016,40.1
WA,Kalamunda,2016,44
WA,Serpentine - Jarrahdale,2016,41.9
WA,South Perth,2016,43.9
WA,Cockburn,2016,40.4
WA,Fremantle,2016,43.9
WA,Kwinana,2016,34.3
WA,Melville,2016,48
WA,Rockingham,2016,42.2
WA,Esperance,2016,47.7
WA,Gascoyne,2016,33.3
WA,Goldfields,2016,29.8
WA,Kimberley,2016,22.7
WA,Mid West,2016,41.6
WA,Pilbara,2016,24.7
WA,Albany,2016,49.2
WA,Wheat Belt - North,2016,42.8
WA,Wheat Belt - South,2016,45.1
SA,Adelaide City,2016,40.8
SA,Adelaide Hills,2016,49.2
SA,Burnside,2016,50.1
SA,Campbelltown (SA),2016,46
SA,Norwood - Payneham - St Peters,2016,46.6
SA,Prospect - Walkerville,2016,45.4
SA,Unley,2016,46.8
SA,Gawler - Two Wells,2016,45
SA,Playford,2016,37.5
SA,Port Adelaide - East,2016,43.8
SA,Salisbury,2016,42.4
SA,Tea Tree Gully,2016,50.8
SA,Holdfast Bay,2016,53.8
SA,Marion,2016,49.5
SA,Mitcham,2016,51.1
SA,Onkaparinga,2016,48.7
SA,Charles Sturt,2016,45.9
SA,Port Adelaide - West,2016,40.6
SA,West Torrens,2016,44.8
SA,Barossa,2016,48.9
SA,Lower North,2016,47.5
SA,Mid North,2016,46
SA,Yorke Peninsula,2016,54.4
SA,Eyre Peninsula and South West,2016,45.4
SA,Outback - North and East,2016,40.1
SA,Fleurieu - Kangaroo Island,2016,54.5
SA,Limestone Coast,2016,46.2
SA,Murray and Mallee,2016,47.2
Tas,Brighton,2016,41.6
Tas,Hobart - North East,2016,48.6
Tas,Hobart - North West,2016,40.2
Tas,Hobart - South and West,2016,52.1
Tas,Hobart Inner,2016,47.8
Tas,Sorell - Dodges Ferry,2016,44.1
Tas,Launceston,2016,45.7
Tas,Meander Valley - West Tamar,2016,48.4
Tas,North East,2016,45.7
Tas,Central Highlands (Tas.),2016,40.4
Tas,Huon - Bruny Island,2016,48.4
Tas,South East Coast,2016,51.3
Tas,Burnie - Ulverstone,2016,47.2
Tas,Devonport,2016,47.9
Tas,West Coast,2016,42.1
ACT,Belconnen,2016,43.6
ACT,Cotter - Namadgi,2016,41.38559471
ACT,Fyshwick - Pialligo - Hume,2016,41.38559471
ACT,Gungahlin,2016,41.5
ACT,North Canberra,2016,43
ACT,South Canberra,2016,43.3
ACT,Tuggeranong,2016,42.5
ACT,Weston Creek,2016,48.7
ACT,Woden,2016,46.6
NT,Darwin City,2016,31.8
NT,Darwin Suburbs,2016,32.3
NT,Litchfield,2016,32.7
NT,Palmerston,2016,28.1
NT,Alice Springs,2016,25.6
NT,Barkly,2016,16.3
NT,Daly - Tiwi - West Arnhem,2016,23.4
NT,East Arnhem,2016,14
NT,Katherine,2016,19.8
NSW,Goulburn - Yass,2017,40.8
NSW,Queanbeyan,2017,39.9
NSW,Snowy Mountains,2017,41.8
NSW,South Coast,2017,46.8
NSW,Gosford,2017,39.2
NSW,Wyong,2017,37.5
NSW,Bathurst,2017,40.8
NSW,Lachlan Valley,2017,38.4
NSW,Lithgow - Mudgee,2017,39.8
NSW,Orange,2017,39.8
NSW,Clarence Valley,2017,42
NSW,Coffs Harbour,2017,43
NSW,Bourke - Cobar - Coonamble,2017,30.1
NSW,Broken Hill and Far West,2017,35.3
NSW,Dubbo,2017,36.6
NSW,Lower Hunter,2017,38.6
NSW,Maitland,2017,41.3
NSW,Port Stephens,2017,44.8
NSW,Upper Hunter,2017,37.5
NSW,Dapto - Port Kembla,2017,37.2
NSW,Illawarra Catchment Reserve,2017,41.38559471
NSW,Kiama - Shellharbour,2017,41.7
NSW,Wollongong,2017,40
NSW,Great Lakes,2017,46
NSW,Kempsey - Nambucca,2017,40.5
NSW,Lord Howe Island,2017,41.38559471
NSW,Port Macquarie,2017,43.6
NSW,Taree - Gloucester,2017,45.7
NSW,Albury,2017,43.8
NSW,Lower Murray,2017,40.5
NSW,Upper Murray exc. Albury,2017,45.3
NSW,Armidale,2017,43
NSW,Inverell - Tenterfield,2017,38.9
NSW,Moree - Narrabri,2017,31.5
NSW,Tamworth - Gunnedah,2017,39.3
NSW,Lake Macquarie - East,2017,43.9
NSW,Lake Macquarie - West,2017,43.2
NSW,Newcastle,2017,41.1
NSW,Richmond Valley - Coastal,2017,40.5
NSW,Richmond Valley - Hinterland,2017,39.4
NSW,Tweed Valley,2017,41
NSW,Griffith - Murrumbidgee (West),2017,36.9
NSW,Tumut - Tumbarumba,2017,42.3
NSW,Wagga Wagga,2017,40.2
NSW,Shoalhaven,2017,44.7
NSW,Southern Highlands,2017,42
NSW,Baulkham Hills,2017,40.8
NSW,Dural - Wisemans Ferry,2017,37.3
NSW,Hawkesbury,2017,39.2
NSW,Rouse Hill - McGraths Hill,2017,36.2
NSW,Blacktown,2017,33.1
NSW,Blacktown - North,2017,34.3
NSW,Mount Druitt,2017,27.8
NSW,Botany,2017,32.7
NSW,Marrickville - Sydenham - Petersham,2017,35
NSW,Sydney Inner City,2017,33.2
NSW,Eastern Suburbs - North,2017,31.8
NSW,Eastern Suburbs - South,2017,34.7
NSW,Bankstown,2017,33.9
NSW,Canterbury,2017,31.5
NSW,Hurstville,2017,37.6
NSW,Kogarah - Rockdale,2017,33.7
NSW,Canada Bay,2017,37.3
NSW,Leichhardt,2017,37.8
NSW,Strathfield - Burwood - Ashfield,2017,34.4
NSW,Chatswood - Lane Cove,2017,39.4
NSW,Hornsby,2017,40.5
NSW,Ku-ring-gai,2017,40.7
NSW,North Sydney - Mosman,2017,38.9
NSW,Manly,2017,43.8
NSW,Pittwater,2017,42.3
NSW,Warringah,2017,41.3
NSW,Camden,2017,36.3
NSW,Campbelltown (NSW),2017,32.6
NSW,Wollondilly,2017,38.7
NSW,Blue Mountains,2017,41.4
NSW,Blue Mountains - South,2017,41.38559471
NSW,Penrith,2017,35.7
NSW,Richmond - Windsor,2017,33.8
NSW,St Marys,2017,31.3
NSW,Auburn,2017,33
NSW,Carlingford,2017,37.3
NSW,Merrylands - Guildford,2017,33.5
NSW,Parramatta,2017,35.5
NSW,Pennant Hills - Epping,2017,40.7
NSW,Ryde - Hunters Hill,2017,38.8
NSW,Bringelly - Green Valley,2017,32
NSW,Fairfield,2017,36.7
NSW,Liverpool,2017,31.6
NSW,Cronulla - Miranda - Caringbah,2017,38.1
NSW,Sutherland - Menai - Heathcote,2017,39.9
Vic,Ballarat,2017,48.3
Vic,Creswick - Daylesford - Ballan,2017,44.6
Vic,Maryborough - Pyrenees,2017,46.4
Vic,Bendigo,2017,49.2
Vic,Heathcote - Castlemaine - Kyneton,2017,48
Vic,Loddon - Elmore,2017,44.6
Vic,Barwon - West,2017,46.8
Vic,Geelong,2017,44.8
Vic,Surf Coast - Bellarine Peninsula,2017,51.4
Vic,Upper Goulburn Valley,2017,45.1
Vic,Wangaratta - Benalla,2017,50
Vic,Wodonga - Alpine,2017,47.2
Vic,Baw Baw,2017,48.9
Vic,Gippsland - East,2017,53.1
Vic,Gippsland - South West,2017,50.1
Vic,Latrobe Valley,2017,46.8
Vic,Wellington,2017,47.3
Vic,Brunswick - Coburg,2017,38.4
Vic,Darebin - South,2017,43
Vic,Essendon,2017,44
Vic,Melbourne City,2017,34.9
Vic,Port Phillip,2017,38.4
Vic,Stonnington - West,2017,38
Vic,Yarra,2017,41.6
Vic,Boroondara,2017,45.1
Vic,Manningham - West,2017,44.9
Vic,Whitehorse - West,2017,45.5
Vic,Bayside,2017,45.4
Vic,Glen Eira,2017,39.3
Vic,Kingston,2017,43
Vic,Stonnington - East,2017,42.6
Vic,Banyule,2017,47.8
Vic,Darebin - North,2017,38.7
Vic,Nillumbik - Kinglake,2017,47.8
Vic,Whittlesea - Wallan,2017,39.3
Vic,Keilor,2017,44.7
Vic,Macedon Ranges,2017,46.7
Vic,Moreland - North,2017,37.8
Vic,Sunbury,2017,44.1
Vic,Tullamarine - Broadmeadows,2017,36.6
Vic,Knox,2017,43.5
Vic,Manningham - East,2017,48.5
Vic,Maroondah,2017,46
Vic,Whitehorse - East,2017,47.4
Vic,Yarra Ranges,2017,44.4
Vic,Cardinia,2017,41.1
Vic,Casey - North,2017,39.4
Vic,Casey - South,2017,36.2
Vic,Dandenong,2017,38.6
Vic,Monash,2017,43.7
Vic,Brimbank,2017,39.6
Vic,Hobsons Bay,2017,42.6
Vic,Maribyrnong,2017,39.8
Vic,Melton - Bacchus Marsh,2017,38.4
Vic,Wyndham,2017,37.6
Vic,Frankston,2017,39.6
Vic,Mornington Peninsula,2017,45.6
Vic,Grampians,2017,45.9
Vic,Mildura,2017,40.4
Vic,Murray River - Swan Hill,2017,43.8
Vic,Campaspe,2017,44.9
Vic,Moira,2017,46.7
Vic,Shepparton,2017,44.8
Vic,Glenelg - Southern Grampians,2017,47
Vic,Warrnambool - Otway Ranges,2017,45.2
Qld,Capalaba,2017,41.5
Qld,Cleveland - Stradbroke,2017,41.6
Qld,Wynnum - Manly,2017,41
Qld,Bald Hills - Everton Park,2017,46.1
Qld,Chermside,2017,39.8
Qld,Nundah,2017,38.9
Qld,Sandgate,2017,43
Qld,Carindale,2017,40.9
Qld,Holland Park - Yeronga,2017,38.3
Qld,Mt Gravatt,2017,40.5
Qld,Nathan,2017,39.1
Qld,Rocklea - Acacia Ridge,2017,38.3
Qld,Sunnybank,2017,40.4
Qld,Centenary,2017,43.6
Qld,Kenmore - Brookfield - Moggill,2017,43.4
Qld,Sherwood - Indooroopilly,2017,42
Qld,The Gap - Enoggera,2017,44
Qld,Brisbane Inner,2017,37.2
Qld,Brisbane Inner - East,2017,38.7
Qld,Brisbane Inner - North,2017,37.5
Qld,Brisbane Inner - West,2017,41.2
Qld,Cairns - North,2017,41.4
Qld,Cairns - South,2017,37.6
Qld,Innisfail - Cassowary Coast,2017,42.7
Qld,Port Douglas - Daintree,2017,40.2
Qld,Tablelands (East) - Kuranda,2017,44.8
Qld,Darling Downs (West) - Maranoa,2017,39
Qld,Darling Downs - East,2017,40.6
Qld,Granite Belt,2017,42.4
Qld,Central Highlands (Qld),2017,34.6
Qld,Gladstone - Biloela,2017,38.4
Qld,Rockhampton,2017,42.1
Qld,Broadbeach - Burleigh,2017,41.2
Qld,Coolangatta,2017,39.7
Qld,Gold Coast - North,2017,39.9
Qld,Gold Coast Hinterland,2017,41.3
Qld,Mudgeeraba - Tallebudgera,2017,40.4
Qld,Nerang,2017,38.2
Qld,Ormeau - Oxenford,2017,38.2
Qld,Robina,2017,39.4
Qld,Southport,2017,37.8
Qld,Surfers Paradise,2017,38.1
Qld,Forest Lake - Oxley,2017,37.3
Qld,Ipswich Hinterland,2017,40.6
Qld,Ipswich Inner,2017,36.7
Qld,Springfield - Redbank,2017,33.4
Qld,Beaudesert,2017,39.3
Qld,Beenleigh,2017,36.2
Qld,Browns Plains,2017,34
Qld,Jimboomba,2017,37.5
Qld,Loganlea - Carbrook,2017,38.1
Qld,Springwood - Kingston,2017,35
Qld,Bowen Basin - North,2017,38.9
Qld,Mackay,2017,43.8
Qld,Whitsunday,2017,39.9
Qld,Bribie - Beachmere,2017,48
Qld,Caboolture,2017,39.2
Qld,Caboolture Hinterland,2017,44.4
Qld,Narangba - Burpengary,2017,41.2
Qld,Redcliffe,2017,42.4
Qld,Hills District,2017,44.8
Qld,North Lakes,2017,41
Qld,Strathpine,2017,41.5
Qld,Far North,2017,27.8
Qld,Outback - North,2017,25.9
Qld,Outback - South,2017,37.7
Qld,Buderim,2017,45.4
Qld,Caloundra,2017,46.8
Qld,Maroochy,2017,45
Qld,Nambour - Pomona,2017,44.3
Qld,Noosa,2017,45.7
Qld,Sunshine Coast Hinterland,2017,45.6
Qld,Toowoomba,2017,42.1
Qld,Charters Towers - Ayr - Ingham,2017,37.3
Qld,Townsville,2017,35.8
Qld,Bundaberg,2017,47
Qld,Burnett,2017,45.6
Qld,Gympie - Cooloola,2017,44.9
Qld,Hervey Bay,2017,47.4
Qld,Maryborough,2017,46.5
WA,Augusta - Margaret River - Busselton,2017,50.3
WA,Bunbury,2017,45.3
WA,Manjimup,2017,50.9
WA,Mandurah,2017,46.9
WA,Cottesloe - Claremont,2017,45.2
WA,Perth City,2017,41.2
WA,Bayswater - Bassendean,2017,41.4
WA,Mundaring,2017,44.5
WA,Swan,2017,38.2
WA,Joondalup,2017,48.3
WA,Stirling,2017,43.5
WA,Wanneroo,2017,40.8
WA,Armadale,2017,39.7
WA,Belmont - Victoria Park,2017,38.3
WA,Canning,2017,44.1
WA,Gosnells,2017,39.9
WA,Kalamunda,2017,44.1
WA,Serpentine - Jarrahdale,2017,42.4
WA,South Perth,2017,44.1
WA,Cockburn,2017,40.5
WA,Fremantle,2017,43.8
WA,Kwinana,2017,34.6
WA,Melville,2017,47.8
WA,Rockingham,2017,42.2
WA,Esperance,2017,47.6
WA,Gascoyne,2017,33.7
WA,Goldfields,2017,30.2
WA,Kimberley,2017,22.6
WA,Mid West,2017,41.6
WA,Pilbara,2017,24.1
WA,Albany,2017,48.9
WA,Wheat Belt - North,2017,43.3
WA,Wheat Belt - South,2017,44.5
SA,Adelaide City,2017,41.6
SA,Adelaide Hills,2017,49.1
SA,Burnside,2017,49.8
SA,Campbelltown (SA),2017,44.9
SA,Norwood - Payneham - St Peters,2017,46.4
SA,Prospect - Walkerville,2017,45.4
SA,Unley,2017,47.7
SA,Gawler - Two Wells,2017,43.8
SA,Playford,2017,36.9
SA,Port Adelaide - East,2017,43.4
SA,Salisbury,2017,42
SA,Tea Tree Gully,2017,49.3
SA,Holdfast Bay,2017,53.1
SA,Marion,2017,49.1
SA,Mitcham,2017,50.2
SA,Onkaparinga,2017,48.4
SA,Charles Sturt,2017,45.3
SA,Port Adelaide - West,2017,40.5
SA,West Torrens,2017,45.2
SA,Barossa,2017,49.1
SA,Lower North,2017,48.4
SA,Mid North,2017,45.4
SA,Yorke Peninsula,2017,52.5
SA,Eyre Peninsula and South West,2017,44.7
SA,Outback - North and East,2017,39.2
SA,Fleurieu - Kangaroo Island,2017,53.6
SA,Limestone Coast,2017,45.6
SA,Murray and Mallee,2017,46
Tas,Brighton,2017,39.6
Tas,Hobart - North East,2017,48.9
Tas,Hobart - North West,2017,40.9
Tas,Hobart - South and West,2017,52.4
Tas,Hobart Inner,2017,48.5
Tas,Sorell - Dodges Ferry,2017,43.5
Tas,Launceston,2017,46
Tas,Meander Valley - West Tamar,2017,47.7
Tas,North East,2017,45.8
Tas,Central Highlands (Tas.),2017,40.7
Tas,Huon - Bruny Island,2017,46.4
Tas,South East Coast,2017,51.9
Tas,Burnie - Ulverstone,2017,47.5
Tas,Devonport,2017,47.9
Tas,West Coast,2017,42.1
ACT,Belconnen,2017,43.8
ACT,Cotter - Namadgi,2017,41.38559471
ACT,Fyshwick - Pialligo - Hume,2017,41.38559471
ACT,Gungahlin,2017,41.5
ACT,North Canberra,2017,42.7
ACT,South Canberra,2017,43.4
ACT,Tuggeranong,2017,42.4
ACT,Weston Creek,2017,48.4
ACT,Woden,2017,46.7
NT,Darwin City,2017,29.9
NT,Darwin Suburbs,2017,30.8
NT,Litchfield,2017,30.5
NT,Palmerston,2017,25.7
NT,Alice Springs,2017,20.9
NT,Barkly,2017,11
NT,Daly - Tiwi - West Arnhem,2017,16.9
NT,East Arnhem,2017,7
NT,Katherine,2017,14.1
NSW,Goulburn - Yass,2018,41.2
NSW,Queanbeyan,2018,41.8
NSW,Snowy Mountains,2018,42.3
NSW,South Coast,2018,48
NSW,Gosford,2018,41
NSW,Wyong,2018,39
NSW,Bathurst,2018,41.8
NSW,Lachlan Valley,2018,38.4
NSW,Lithgow - Mudgee,2018,39.8
NSW,Orange,2018,40.6
NSW,Clarence Valley,2018,42.6
NSW,Coffs Harbour,2018,43.4
NSW,Bourke - Cobar - Coonamble,2018,29.6
NSW,Broken Hill and Far West,2018,36.2
NSW,Dubbo,2018,36
NSW,Lower Hunter,2018,39.2
NSW,Maitland,2018,41.7
NSW,Port Stephens,2018,45.9
NSW,Upper Hunter,2018,37.5
NSW,Dapto - Port Kembla,2018,37.7
NSW,Illawarra Catchment Reserve,2018,41.38559471
NSW,Kiama - Shellharbour,2018,42.9
NSW,Wollongong,2018,41.8
NSW,Great Lakes,2018,47.3
NSW,Kempsey - Nambucca,2018,41.6
NSW,Lord Howe Island,2018,41.38559471
NSW,Port Macquarie,2018,43.7
NSW,Taree - Gloucester,2018,46.2
NSW,Albury,2018,46.1
NSW,Lower Murray,2018,40.7
NSW,Upper Murray exc. Albury,2018,47.2
NSW,Armidale,2018,44.1
NSW,Inverell - Tenterfield,2018,39.3
NSW,Moree - Narrabri,2018,32.1
NSW,Tamworth - Gunnedah,2018,39.5
NSW,Lake Macquarie - East,2018,45
NSW,Lake Macquarie - West,2018,43.6
NSW,Newcastle,2018,42.6
NSW,Richmond Valley - Coastal,2018,41.6
NSW,Richmond Valley - Hinterland,2018,39.7
NSW,Tweed Valley,2018,41.1
NSW,Griffith - Murrumbidgee (West),2018,36.8
NSW,Tumut - Tumbarumba,2018,43.2
NSW,Wagga Wagga,2018,40.1
NSW,Shoalhaven,2018,45.4
NSW,Southern Highlands,2018,42.9
NSW,Baulkham Hills,2018,42
NSW,Dural - Wisemans Ferry,2018,39.2
NSW,Hawkesbury,2018,41.1
NSW,Rouse Hill - McGraths Hill,2018,37.9
NSW,Blacktown,2018,34.2
NSW,Blacktown - North,2018,34.7
NSW,Mount Druitt,2018,28.7
NSW,Botany,2018,33.6
NSW,Marrickville - Sydenham - Petersham,2018,36.7
NSW,Sydney Inner City,2018,34.8
NSW,Eastern Suburbs - North,2018,33.2
NSW,Eastern Suburbs - South,2018,36.6
NSW,Bankstown,2018,35.3
NSW,Canterbury,2018,32.1
NSW,Hurstville,2018,38.4
NSW,Kogarah - Rockdale,2018,34.5
NSW,Canada Bay,2018,39.1
NSW,Leichhardt,2018,39.7
NSW,Strathfield - Burwood - Ashfield,2018,35.8
NSW,Chatswood - Lane Cove,2018,40.6
NSW,Hornsby,2018,41.8
NSW,Ku-ring-gai,2018,41.9
NSW,North Sydney - Mosman,2018,41.4
NSW,Manly,2018,45.6
NSW,Pittwater,2018,44.2
NSW,Warringah,2018,43
NSW,Camden,2018,38.3
NSW,Campbelltown (NSW),2018,33.7
NSW,Wollondilly,2018,40.8
NSW,Blue Mountains,2018,42.9
NSW,Blue Mountains - South,2018,41.38559471
NSW,Penrith,2018,36.9
NSW,Richmond - Windsor,2018,35.5
NSW,St Marys,2018,33.1
NSW,Auburn,2018,33.8
NSW,Carlingford,2018,38.7
NSW,Merrylands - Guildford,2018,34
NSW,Parramatta,2018,35.5
NSW,Pennant Hills - Epping,2018,42.4
NSW,Ryde - Hunters Hill,2018,39.7
NSW,Bringelly - Green Valley,2018,33.7
NSW,Fairfield,2018,37.5
NSW,Liverpool,2018,32.4
NSW,Cronulla - Miranda - Caringbah,2018,40.3
NSW,Sutherland - Menai - Heathcote,2018,41
Vic,Ballarat,2018,50.3
Vic,Creswick - Daylesford - Ballan,2018,47
Vic,Maryborough - Pyrenees,2018,47.1
Vic,Bendigo,2018,50.6
Vic,Heathcote - Castlemaine - Kyneton,2018,50
Vic,Loddon - Elmore,2018,46.2
Vic,Barwon - West,2018,48.7
Vic,Geelong,2018,47.5
Vic,Surf Coast - Bellarine Peninsula,2018,53.7
Vic,Upper Goulburn Valley,2018,47.3
Vic,Wangaratta - Benalla,2018,52.5
Vic,Wodonga - Alpine,2018,49.6
Vic,Baw Baw,2018,50.1
Vic,Gippsland - East,2018,54.4
Vic,Gippsland - South West,2018,51.5
Vic,Latrobe Valley,2018,47.6
Vic,Wellington,2018,48.4
Vic,Brunswick - Coburg,2018,41.5
Vic,Darebin - South,2018,45.4
Vic,Essendon,2018,46.3
Vic,Melbourne City,2018,36.3
Vic,Port Phillip,2018,41.4
Vic,Stonnington - West,2018,39.9
Vic,Yarra,2018,43.5
Vic,Boroondara,2018,47.2
Vic,Manningham - West,2018,46
Vic,Whitehorse - West,2018,47.5
Vic,Bayside,2018,48.3
Vic,Glen Eira,2018,42.1
Vic,Kingston,2018,44.8
Vic,Stonnington - East,2018,45.6
Vic,Banyule,2018,49.7
Vic,Darebin - North,2018,41
Vic,Nillumbik - Kinglake,2018,50.9
Vic,Whittlesea - Wallan,2018,41.5
Vic,Keilor,2018,47.2
Vic,Macedon Ranges,2018,48.2
Vic,Moreland - North,2018,39.8
Vic,Sunbury,2018,45.9
Vic,Tullamarine - Broadmeadows,2018,38.2
Vic,Knox,2018,45.3
Vic,Manningham - East,2018,51.3
Vic,Maroondah,2018,47.9
Vic,Whitehorse - East,2018,49.2
Vic,Yarra Ranges,2018,47.2
Vic,Cardinia,2018,43.5
Vic,Casey - North,2018,41.6
Vic,Casey - South,2018,37.6
Vic,Dandenong,2018,39.8
Vic,Monash,2018,45.1
Vic,Brimbank,2018,41
Vic,Hobsons Bay,2018,44.7
Vic,Maribyrnong,2018,41.4
Vic,Melton - Bacchus Marsh,2018,40.4
Vic,Wyndham,2018,39.6
Vic,Frankston,2018,41
Vic,Mornington Peninsula,2018,47.8
Vic,Grampians,2018,47.5
Vic,Mildura,2018,42.2
Vic,Murray River - Swan Hill,2018,46.4
Vic,Campaspe,2018,46.9
Vic,Moira,2018,48.2
Vic,Shepparton,2018,46.8
Vic,Glenelg - Southern Grampians,2018,48.8
Vic,Warrnambool - Otway Ranges,2018,47.3
Qld,Capalaba,2018,42.3
Qld,Cleveland - Stradbroke,2018,42.6
Qld,Wynnum - Manly,2018,41
Qld,Bald Hills - Everton Park,2018,45.1
Qld,Chermside,2018,40.6
Qld,Nundah,2018,38.9
Qld,Sandgate,2018,42.1
Qld,Carindale,2018,41.9
Qld,Holland Park - Yeronga,2018,39.1
Qld,Mt Gravatt,2018,41.1
Qld,Nathan,2018,40.9
Qld,Rocklea - Acacia Ridge,2018,38
Qld,Sunnybank,2018,40
Qld,Centenary,2018,44.7
Qld,Kenmore - Brookfield - Moggill,2018,44.2
Qld,Sherwood - Indooroopilly,2018,42.9
Qld,The Gap - Enoggera,2018,44.3
Qld,Brisbane Inner,2018,36.7
Qld,Brisbane Inner - East,2018,39.6
Qld,Brisbane Inner - North,2018,38.8
Qld,Brisbane Inner - West,2018,41.6
Qld,Cairns - North,2018,41.8
Qld,Cairns - South,2018,37.5
Qld,Innisfail - Cassowary Coast,2018,41.9
Qld,Port Douglas - Daintree,2018,41.1
Qld,Tablelands (East) - Kuranda,2018,44.7
Qld,Darling Downs (West) - Maranoa,2018,38.7
Qld,Darling Downs - East,2018,40.6
Qld,Granite Belt,2018,42.7
Qld,Central Highlands (Qld),2018,33.7
Qld,Gladstone - Biloela,2018,38.5
Qld,Rockhampton,2018,42.3
Qld,Broadbeach - Burleigh,2018,41.2
Qld,Coolangatta,2018,40.4
Qld,Gold Coast - North,2018,39.6
Qld,Gold Coast Hinterland,2018,41.2
Qld,Mudgeeraba - Tallebudgera,2018,39.8
Qld,Nerang,2018,38.8
Qld,Ormeau - Oxenford,2018,38.7
Qld,Robina,2018,40
Qld,Southport,2018,37.5
Qld,Surfers Paradise,2018,38.8
Qld,Forest Lake - Oxley,2018,37.3
Qld,Ipswich Hinterland,2018,40.8
Qld,Ipswich Inner,2018,36.4
Qld,Springfield - Redbank,2018,33.4
Qld,Beaudesert,2018,38.8
Qld,Beenleigh,2018,36.1
Qld,Browns Plains,2018,33.7
Qld,Jimboomba,2018,38.2
Qld,Loganlea - Carbrook,2018,37.9
Qld,Springwood - Kingston,2018,34.7
Qld,Bowen Basin - North,2018,38.1
Qld,Mackay,2018,43.1
Qld,Whitsunday,2018,40
Qld,Bribie - Beachmere,2018,47.8
Qld,Caboolture,2018,38.5
Qld,Caboolture Hinterland,2018,44.1
Qld,Narangba - Burpengary,2018,41.3
Qld,Redcliffe,2018,43.1
Qld,Hills District,2018,45.3
Qld,North Lakes,2018,41
Qld,Strathpine,2018,41.3
Qld,Far North,2018,24.9
Qld,Outback - North,2018,25.1
Qld,Outback - South,2018,37.2
Qld,Buderim,2018,45.5
Qld,Caloundra,2018,47.5
Qld,Maroochy,2018,45
Qld,Nambour - Pomona,2018,44.6
Qld,Noosa,2018,45.7
Qld,Sunshine Coast Hinterland,2018,45.5
Qld,Toowoomba,2018,41.4
Qld,Charters Towers - Ayr - Ingham,2018,37.3
Qld,Townsville,2018,35.7
Qld,Bundaberg,2018,46.6
Qld,Burnett,2018,45.1
Qld,Gympie - Cooloola,2018,44.4
Qld,Hervey Bay,2018,47.2
Qld,Maryborough,2018,46.1
WA,Augusta - Margaret River - Busselton,2018,52.3
WA,Bunbury,2018,46.9
WA,Manjimup,2018,51.4
WA,Mandurah,2018,47.1
WA,Cottesloe - Claremont,2018,45.8
WA,Perth City,2018,42.5
WA,Bayswater - Bassendean,2018,41.2
WA,Mundaring,2018,45.5
WA,Swan,2018,39.8
WA,Joondalup,2018,49.7
WA,Stirling,2018,44.3
WA,Wanneroo,2018,41.9
WA,Armadale,2018,40.7
WA,Belmont - Victoria Park,2018,39.3
WA,Canning,2018,44.9
WA,Gosnells,2018,40.4
WA,Kalamunda,2018,45.9
WA,Serpentine - Jarrahdale,2018,43.3
WA,South Perth,2018,45.5
WA,Cockburn,2018,41.2
WA,Fremantle,2018,44.7
WA,Kwinana,2018,34.8
WA,Melville,2018,48.7
WA,Rockingham,2018,42.9
WA,Esperance,2018,48
WA,Gascoyne,2018,35.7
WA,Goldfields,2018,30.4
WA,Kimberley,2018,24.4
WA,Mid West,2018,42.3
WA,Pilbara,2018,25.1
WA,Albany,2018,49.6
WA,Wheat Belt - North,2018,44.2
WA,Wheat Belt - South,2018,46
SA,Adelaide City,2018,44.3
SA,Adelaide Hills,2018,50
SA,Burnside,2018,50.9
SA,Campbelltown (SA),2018,46.4
SA,Norwood - Payneham - St Peters,2018,48
SA,Prospect - Walkerville,2018,46.8
SA,Unley,2018,49.8
SA,Gawler - Two Wells,2018,44.8
SA,Playford,2018,37.8
SA,Port Adelaide - East,2018,43.7
SA,Salisbury,2018,42.1
SA,Tea Tree Gully,2018,50.9
SA,Holdfast Bay,2018,53.5
SA,Marion,2018,50.1
SA,Mitcham,2018,51.6
SA,Onkaparinga,2018,49.8
SA,Charles Sturt,2018,46.4
SA,Port Adelaide - West,2018,41.7
SA,West Torrens,2018,46.1
SA,Barossa,2018,50.9
SA,Lower North,2018,48.9
SA,Mid North,2018,46.8
SA,Yorke Peninsula,2018,54.1
SA,Eyre Peninsula and South West,2018,45.8
SA,Outback - North and East,2018,39.4
SA,Fleurieu - Kangaroo Island,2018,54.7
SA,Limestone Coast,2018,46.3
SA,Murray and Mallee,2018,46.9
Tas,Brighton,2018,40.2
Tas,Hobart - North East,2018,50.4
Tas,Hobart - North West,2018,42
Tas,Hobart - South and West,2018,53.6
Tas,Hobart Inner,2018,50.1
Tas,Sorell - Dodges Ferry,2018,45.6
Tas,Launceston,2018,47.6
Tas,Meander Valley - West Tamar,2018,49
Tas,North East,2018,47.7
Tas,Central Highlands (Tas.),2018,42.7
Tas,Huon - Bruny Island,2018,48
Tas,South East Coast,2018,53.8
Tas,Burnie - Ulverstone,2018,48.3
Tas,Devonport,2018,48.2
Tas,West Coast,2018,43.3
ACT,Belconnen,2018,45.1
ACT,Cotter - Namadgi,2018,41.38559471
ACT,Fyshwick - Pialligo - Hume,2018,41.38559471
ACT,Gungahlin,2018,42.6
ACT,North Canberra,2018,44.6
ACT,South Canberra,2018,45.6
ACT,Tuggeranong,2018,43.7
ACT,Weston Creek,2018,48.5
ACT,Woden,2018,47.9
NT,Darwin City,2018,31.2
NT,Darwin Suburbs,2018,33.4
NT,Litchfield,2018,34.1
NT,Palmerston,2018,29.1
NT,Alice Springs,2018,21.4
NT,Barkly,2018,15.6
NT,Daly - Tiwi - West Arnhem,2018,22.4
NT,East Arnhem,2018,13.1
NT,Katherine,2018,21.7
NSW,Queanbeyan,2019,42.5
NSW,Snowy Mountains,2019,44.4
NSW,South Coast,2019,48.9
NSW,Goulburn - Mulwaree,2019,42.9
NSW,Young - Yass,2019,42.3
NSW,Gosford,2019,42.2
NSW,Wyong,2019,40.4
NSW,Bathurst,2019,42.5
NSW,Lachlan Valley,2019,39.9
NSW,Lithgow - Mudgee,2019,41.1
NSW,Orange,2019,42.6
NSW,Clarence Valley,2019,43.8
NSW,Coffs Harbour,2019,44.6
NSW,Bourke - Cobar - Coonamble,2019,30.5
NSW,Broken Hill and Far West,2019,36.9
NSW,Dubbo,2019,36.9
NSW,Lower Hunter,2019,40.6
NSW,Maitland,2019,42.3
NSW,Port Stephens,2019,46.8
NSW,Upper Hunter,2019,39
NSW,Dapto - Port Kembla,2019,39.4
NSW,Illawarra Catchment Reserve,2019,41.38559471
NSW,Kiama - Shellharbour,2019,44.6
NSW,Wollongong,2019,43.5
NSW,Great Lakes,2019,48.5
NSW,Kempsey - Nambucca,2019,41.8
NSW,Lord Howe Island,2019,46.5
NSW,Port Macquarie,2019,44.6
NSW,Taree - Gloucester,2019,46.9
NSW,Albury,2019,46.7
NSW,Lower Murray,2019,42.3
NSW,Upper Murray exc. Albury,2019,47.5
NSW,Armidale,2019,44.7
NSW,Inverell - Tenterfield,2019,40.7
NSW,Moree - Narrabri,2019,33.9
NSW,Tamworth - Gunnedah,2019,40.4
NSW,Lake Macquarie - East,2019,46.5
NSW,Lake Macquarie - West,2019,45
NSW,Newcastle,2019,43.9
NSW,Richmond Valley - Coastal,2019,42.1
NSW,Richmond Valley - Hinterland,2019,40.3
NSW,Tweed Valley,2019,41.6
NSW,Griffith - Murrumbidgee (West),2019,37.2
NSW,Tumut - Tumbarumba,2019,43.6
NSW,Wagga Wagga,2019,41.6
NSW,Shoalhaven,2019,46.4
NSW,Southern Highlands,2019,43.9
NSW,Baulkham Hills,2019,42.7
NSW,Dural - Wisemans Ferry,2019,41.1
NSW,Hawkesbury,2019,41.38559471
NSW,Rouse Hill - McGraths Hill,2019,41.38559471
NSW,Blacktown,2019,35.2
NSW,Blacktown - North,2019,36.6
NSW,Mount Druitt,2019,29.8
NSW,Botany,2019,41.38559471
NSW,Marrickville - Sydenham - Petersham,2019,37.8
NSW,Sydney Inner City,2019,35.6
NSW,Eastern Suburbs - North,2019,34.3
NSW,Eastern Suburbs - South,2019,37.7
NSW,Bankstown,2019,36.1
NSW,Canterbury,2019,33.3
NSW,Hurstville,2019,39
NSW,Kogarah - Rockdale,2019,36
NSW,Canada Bay,2019,40.9
NSW,Leichhardt,2019,40.6
NSW,Strathfield - Burwood - Ashfield,2019,37.1
NSW,Chatswood - Lane Cove,2019,41.6
NSW,Hornsby,2019,42.9
NSW,Ku-ring-gai,2019,43.1
NSW,North Sydney - Mosman,2019,42.8
NSW,Manly,2019,45.9
NSW,Pittwater,2019,46
NSW,Warringah,2019,44.8
NSW,Camden,2019,40.2
NSW,Campbelltown (NSW),2019,35.2
NSW,Wollondilly,2019,41.9
NSW,Blue Mountains,2019,44.5
NSW,Blue Mountains - South,2019,41.38559471
NSW,Penrith,2019,38.7
NSW,Richmond - Windsor,2019,41.38559471
NSW,St Marys,2019,35
NSW,Auburn,2019,34.7
NSW,Carlingford,2019,39.1
NSW,Merrylands - Guildford,2019,34
NSW,Parramatta,2019,41.38559471
NSW,Pennant Hills - Epping,2019,43.7
NSW,Ryde - Hunters Hill,2019,41.5
NSW,Bringelly - Green Valley,2019,35.6
NSW,Fairfield,2019,38.5
NSW,Liverpool,2019,34.1
NSW,Cronulla - Miranda - Caringbah,2019,42.3
NSW,Sutherland - Menai - Heathcote,2019,43.7
Vic,Ballarat,2019,50.3
Vic,Creswick - Daylesford - Ballan,2019,47.9
Vic,Maryborough - Pyrenees,2019,47.2
Vic,Bendigo,2019,50.2
Vic,Heathcote - Castlemaine - Kyneton,2019,50.9
Vic,Loddon - Elmore,2019,41.38559471
Vic,Barwon - West,2019,50
Vic,Geelong,2019,48.5
Vic,Surf Coast - Bellarine Peninsula,2019,54.9
Vic,Upper Goulburn Valley,2019,48
Vic,Wangaratta - Benalla,2019,52.2
Vic,Wodonga - Alpine,2019,50.2
Vic,Baw Baw,2019,50.5
Vic,Gippsland - East,2019,54.1
Vic,Gippsland - South West,2019,52.6
Vic,Latrobe Valley,2019,47.8
Vic,Wellington,2019,48.3
Vic,Brunswick - Coburg,2019,42.6
Vic,Darebin - South,2019,46.3
Vic,Essendon,2019,47.7
Vic,Melbourne City,2019,40.1
Vic,Port Phillip,2019,42.7
Vic,Stonnington - West,2019,40.3
Vic,Yarra,2019,44.5
Vic,Boroondara,2019,48.1
Vic,Manningham - West,2019,46.4
Vic,Whitehorse - West,2019,47.8
Vic,Bayside,2019,49.5
Vic,Glen Eira,2019,43
Vic,Kingston,2019,45.9
Vic,Stonnington - East,2019,47.3
Vic,Banyule,2019,50.6
Vic,Darebin - North,2019,41.9
Vic,Nillumbik - Kinglake,2019,52.6
Vic,Whittlesea - Wallan,2019,42.4
Vic,Keilor,2019,47.9
Vic,Macedon Ranges,2019,50.1
Vic,Moreland - North,2019,41.4
Vic,Sunbury,2019,46.9
Vic,Tullamarine - Broadmeadows,2019,39.1
Vic,Knox,2019,46.5
Vic,Manningham - East,2019,51.5
Vic,Maroondah,2019,48.7
Vic,Whitehorse - East,2019,49.7
Vic,Yarra Ranges,2019,47.8
Vic,Cardinia,2019,44.5
Vic,Casey - North,2019,42.4
Vic,Casey - South,2019,38.7
Vic,Dandenong,2019,40.2
Vic,Monash,2019,45.7
Vic,Brimbank,2019,42
Vic,Hobsons Bay,2019,45.7
Vic,Maribyrnong,2019,42.2
Vic,Melton - Bacchus Marsh,2019,41.6
Vic,Wyndham,2019,40.6
Vic,Frankston,2019,41.3
Vic,Mornington Peninsula,2019,48.8
Vic,Grampians,2019,48.1
Vic,Mildura,2019,43.7
Vic,Murray River - Swan Hill,2019,47
Vic,Campaspe,2019,47.6
Vic,Moira,2019,49.2
Vic,Shepparton,2019,47.3
Vic,Glenelg - Southern Grampians,2019,49.4
Vic,Colac - Corangamite,2019,47.4
Vic,Warrnambool,2019,49.1
Qld,Capalaba,2019,43.5
Qld,Cleveland - Stradbroke,2019,43.5
Qld,Wynnum - Manly,2019,42
Qld,Bald Hills - Everton Park,2019,41.38559471
Qld,Chermside,2019,41.38559471
Qld,Nundah,2019,41.38559471
Qld,Sandgate,2019,43.4
Qld,Carindale,2019,43.2
Qld,Holland Park - Yeronga,2019,40.4
Qld,Mt Gravatt,2019,41.4
Qld,Nathan,2019,41.38559471
Qld,Rocklea - Acacia Ridge,2019,39
Qld,Sunnybank,2019,41.38559471
Qld,Centenary,2019,44.9
Qld,Kenmore - Brookfield - Moggill,2019,45.2
Qld,Sherwood - Indooroopilly,2019,43.6
Qld,The Gap - Enoggera,2019,41.38559471
Qld,Brisbane Inner,2019,38.7
Qld,Brisbane Inner - East,2019,40.1
Qld,Brisbane Inner - North,2019,39.3
Qld,Brisbane Inner - West,2019,42.3
Qld,Cairns - North,2019,41.38559471
Qld,Cairns - South,2019,38.9
Qld,Innisfail - Cassowary Coast,2019,42
Qld,Port Douglas - Daintree,2019,41.8
Qld,Tablelands (East) - Kuranda,2019,45
Qld,Darling Downs (West) - Maranoa,2019,39.4
Qld,Darling Downs - East,2019,41.9
Qld,Granite Belt,2019,43.6
Qld,Central Highlands (Qld),2019,35.9
Qld,Rockhampton,2019,43.2
Qld,Biloela,2019,43.6
Qld,Gladstone,2019,38.2
Qld,Broadbeach - Burleigh,2019,42.6
Qld,Coolangatta,2019,41.7
Qld,Gold Coast - North,2019,41.38559471
Qld,Gold Coast Hinterland,2019,41.38559471
Qld,Mudgeeraba - Tallebudgera,2019,41.38559471
Qld,Nerang,2019,39.5
Qld,Ormeau - Oxenford,2019,39.1
Qld,Robina,2019,40.7
Qld,Southport,2019,41.38559471
Qld,Surfers Paradise,2019,39.2
Qld,Forest Lake - Oxley,2019,38
Qld,Ipswich Hinterland,2019,41.4
Qld,Ipswich Inner,2019,37.2
Qld,Springfield - Redbank,2019,34.3
Qld,Beaudesert,2019,41.38559471
Qld,Beenleigh,2019,41.38559471
Qld,Browns Plains,2019,34.5
Qld,Jimboomba,2019,41.38559471
Qld,Loganlea - Carbrook,2019,38.9
Qld,Springwood - Kingston,2019,35.4
Qld,Bowen Basin - North,2019,38.9
Qld,Mackay,2019,44.1
Qld,Whitsunday,2019,42.4
Qld,Bribie - Beachmere,2019,48.2
Qld,Caboolture,2019,40.5
Qld,Caboolture Hinterland,2019,43.9
Qld,Narangba - Burpengary,2019,41.9
Qld,Redcliffe,2019,43.9
Qld,The Hills District,2019,41.38559471
Qld,North Lakes,2019,41.8
Qld,Strathpine,2019,41.38559471
Qld,Far North,2019,26.9
Qld,Outback - North,2019,25.9
Qld,Outback - South,2019,38.2
Qld,Buderim,2019,46.6
Qld,Caloundra,2019,48
Qld,Maroochy,2019,46.1
Qld,Noosa,2019,46.7
Qld,Sunshine Coast Hinterland,2019,44.8
Qld,Nambour,2019,44.4
Qld,Noosa Hinterland,2019,41.38559471
Qld,Toowoomba,2019,42.3
Qld,Charters Towers - Ayr - Ingham,2019,37.1
Qld,Townsville,2019,36.1
Qld,Bundaberg,2019,47
Qld,Burnett,2019,45
Qld,Gympie - Cooloola,2019,45.1
Qld,Hervey Bay,2019,47.7
Qld,Maryborough,2019,47.6
WA,Augusta - Margaret River - Busselton,2019,53.6
WA,Bunbury,2019,48.1
WA,Manjimup,2019,52.6
WA,Mandurah,2019,49.2
WA,Cottesloe - Claremont,2019,47.6
WA,Perth City,2019,45.5
WA,Bayswater - Bassendean,2019,43.7
WA,Mundaring,2019,46.8
WA,Swan,2019,42.8
WA,Joondalup,2019,52.2
WA,Stirling,2019,46.4
WA,Wanneroo,2019,43.6
WA,Armadale,2019,43.2
WA,Belmont - Victoria Park,2019,40.9
WA,Canning,2019,41.38559471
WA,Gosnells,2019,43.1
WA,Kalamunda,2019,47.2
WA,Serpentine - Jarrahdale,2019,45.5
WA,South Perth,2019,47.4
WA,Cockburn,2019,44.5
WA,Fremantle,2019,47
WA,Kwinana,2019,36.9
WA,Melville,2019,50.1
WA,Rockingham,2019,44.8
WA,Albany,2019,50.8
WA,Wheat Belt - North,2019,45.4
WA,Wheat Belt - South,2019,47.3
WA,Kimberley,2019,27.1
WA,East Pilbara,2019,23.2
WA,West Pilbara,2019,30.3
WA,Esperance,2019,49
WA,Gascoyne,2019,38.3
WA,Goldfields,2019,30.9
WA,Mid West,2019,44.3
SA,Adelaide City,2019,45.5
SA,Adelaide Hills,2019,51.4
SA,Burnside,2019,41.38559471
SA,Campbelltown (SA),2019,48
SA,Norwood - Payneham - St Peters,2019,49.9
SA,Prospect - Walkerville,2019,48.7
SA,Unley,2019,50.5
SA,Gawler - Two Wells,2019,47.2
SA,Playford,2019,39.7
SA,Port Adelaide - East,2019,44.9
SA,Salisbury,2019,43.5
SA,Tea Tree Gully,2019,52.4
SA,Holdfast Bay,2019,54.8
SA,Marion,2019,51.5
SA,Mitcham,2019,52.7
SA,Onkaparinga,2019,51.1
SA,Charles Sturt,2019,47.8
SA,Port Adelaide - West,2019,43.3
SA,West Torrens,2019,47.7
SA,Barossa,2019,52
SA,Lower North,2019,50.4
SA,Mid North,2019,48.4
SA,Yorke Peninsula,2019,55.6
SA,Eyre Peninsula and South West,2019,47.2
SA,Outback - North and East,2019,40.6
SA,Fleurieu - Kangaroo Island,2019,55.9
SA,Limestone Coast,2019,47.4
SA,Murray and Mallee,2019,48.6
Tas,Brighton,2019,44.6
Tas,Hobart - North East,2019,51.5
Tas,Hobart - North West,2019,42.2
Tas,Hobart - South and West,2019,54.2
Tas,Hobart Inner,2019,51.6
Tas,Sorell - Dodges Ferry,2019,47.6
Tas,Launceston,2019,48.8
Tas,Meander Valley - West Tamar,2019,50.2
Tas,North East,2019,49.6
Tas,Central Highlands (Tas),2019,41.38559471
Tas,Huon - Bruny Island,2019,49.4
Tas,South East Coast,2019,54.1
Tas,Burnie - Ulverstone,2019,49.1
Tas,Devonport,2019,49.4
Tas,West Coast,2019,44.9
ACT,Belconnen,2019,45.9
ACT,Canberra East,2019,41.38559471
ACT,Gungahlin,2019,43.5
ACT,North Canberra,2019,45.2
ACT,South Canberra,2019,46.1
ACT,Tuggeranong,2019,45.5
ACT,Weston Creek,2019,49
ACT,Woden Valley,2019,48.9
ACT,Molonglo,2019,41.38559471
ACT,Urriarra - Namadgi,2019,41.38559471
NT,Darwin City,2019,30.9
NT,Darwin Suburbs,2019,33.7
NT,Litchfield,2019,35
NT,Palmerston,2019,27.7
NT,Alice Springs,2019,23.3
NT,Barkly,2019,41.38559471
NT,Daly - Tiwi - West Arnhem,2019,41.38559471
NT,East Arnhem,2019,41.38559471
NT,Katherine,2019,14.1
NSW,Queanbeyan,2020,43.2
NSW,Snowy Mountains,2020,45.1
NSW,South Coast,2020,49.8
NSW,Goulburn - Mulwaree,2020,43.2
NSW,Young - Yass,2020,43.6
NSW,Gosford,2020,43.1
NSW,Wyong,2020,41.1
NSW,Bathurst,2020,43.2
NSW,Lachlan Valley,2020,40.7
NSW,Lithgow - Mudgee,2020,42
NSW,Orange,2020,43.9
NSW,Clarence Valley,2020,45.2
NSW,Coffs Harbour,2020,45.8
NSW,Bourke - Cobar - Coonamble,2020,29.7
NSW,Broken Hill and Far West,2020,35.8
NSW,Dubbo,2020,37.7
NSW,Lower Hunter,2020,41.8
NSW,Maitland,2020,44.1
NSW,Port Stephens,2020,48.2
NSW,Upper Hunter,2020,39.1
NSW,Dapto - Port Kembla,2020,41.3
NSW,Illawarra Catchment Reserve,2020,41.38559471
NSW,Kiama - Shellharbour,2020,45.6
NSW,Wollongong,2020,44.7
NSW,Great Lakes,2020,49
NSW,Kempsey - Nambucca,2020,42.4
NSW,Lord Howe Island,2020,42.7
NSW,Port Macquarie,2020,45.9
NSW,Taree - Gloucester,2020,47.5
NSW,Albury,2020,47.8
NSW,Lower Murray,2020,43.6
NSW,Upper Murray exc. Albury,2020,47.8
NSW,Armidale,2020,45.3
NSW,Inverell - Tenterfield,2020,41.4
NSW,Moree - Narrabri,2020,33.1
NSW,Tamworth - Gunnedah,2020,41.2
NSW,Lake Macquarie - East,2020,48
NSW,Lake Macquarie - West,2020,46.1
NSW,Newcastle,2020,45
NSW,Richmond Valley - Coastal,2020,43.6
NSW,Richmond Valley - Hinterland,2020,40.6
NSW,Tweed Valley,2020,42.6
NSW,Griffith - Murrumbidgee (West),2020,37.3
NSW,Tumut - Tumbarumba,2020,44.9
NSW,Wagga Wagga,2020,43.6
NSW,Shoalhaven,2020,47.5
NSW,Southern Highlands,2020,46
NSW,Baulkham Hills,2020,44.6
NSW,Dural - Wisemans Ferry,2020,42.4
NSW,Hawkesbury,2020,44.2
NSW,Rouse Hill - McGraths Hill,2020,41.2
NSW,Blacktown,2020,36.3
NSW,Blacktown - North,2020,38.4
NSW,Mount Druitt,2020,30.7
NSW,Botany,2020,36.1
NSW,Marrickville - Sydenham - Petersham,2020,38.7
NSW,Sydney Inner City,2020,35.8
NSW,Eastern Suburbs - North,2020,34.9
NSW,Eastern Suburbs - South,2020,38.3
NSW,Bankstown,2020,37.2
NSW,Canterbury,2020,34.4
NSW,Hurstville,2020,40.6
NSW,Kogarah - Rockdale,2020,37.5
NSW,Canada Bay,2020,42.2
NSW,Leichhardt,2020,42.2
NSW,Strathfield - Burwood - Ashfield,2020,38.7
NSW,Chatswood - Lane Cove,2020,42.7
NSW,Hornsby,2020,44
NSW,Ku-ring-gai,2020,44.6
NSW,North Sydney - Mosman,2020,42.4
NSW,Manly,2020,47.2
NSW,Pittwater,2020,47.5
NSW,Warringah,2020,46.2
NSW,Camden,2020,42.1
NSW,Campbelltown (NSW),2020,36.5
NSW,Wollondilly,2020,43.6
NSW,Blue Mountains,2020,46.1
NSW,Blue Mountains - South,2020,41.38559471
NSW,Penrith,2020,40
NSW,Richmond - Windsor,2020,38.6
NSW,St Marys,2020,35.8
NSW,Auburn,2020,35.7
NSW,Carlingford,2020,39.9
NSW,Merrylands - Guildford,2020,36.1
NSW,Parramatta,2020,36.6
NSW,Pennant Hills - Epping,2020,45.8
NSW,Ryde - Hunters Hill,2020,43.1
NSW,Bringelly - Green Valley,2020,37.3
NSW,Fairfield,2020,40.4
NSW,Liverpool,2020,35.3
NSW,Cronulla - Miranda - Caringbah,2020,44.1
NSW,Sutherland - Menai - Heathcote,2020,45.9
Vic,Ballarat,2020,51
Vic,Creswick - Daylesford - Ballan,2020,48.7
Vic,Maryborough - Pyrenees,2020,47.1
Vic,Bendigo,2020,50.9
Vic,Heathcote - Castlemaine - Kyneton,2020,50.9
Vic,Loddon - Elmore,2020,45.3
Vic,Barwon - West,2020,50
Vic,Geelong,2020,48.5
Vic,Surf Coast - Bellarine Peninsula,2020,56.6
Vic,Upper Goulburn Valley,2020,49
Vic,Wangaratta - Benalla,2020,52.1
Vic,Wodonga - Alpine,2020,51.1
Vic,Baw Baw,2020,50.6
Vic,Gippsland - East,2020,53.9
Vic,Gippsland - South West,2020,53.1
Vic,Latrobe Valley,2020,47.7
Vic,Wellington,2020,48.2
Vic,Brunswick - Coburg,2020,44.2
Vic,Darebin - South,2020,48.2
Vic,Essendon,2020,48.3
Vic,Melbourne City,2020,37.1
Vic,Port Phillip,2020,42.9
Vic,Stonnington - West,2020,40.5
Vic,Yarra,2020,45.6
Vic,Boroondara,2020,49.6
Vic,Manningham - West,2020,46.8
Vic,Whitehorse - West,2020,48.7
Vic,Bayside,2020,51.4
Vic,Glen Eira,2020,44.5
Vic,Kingston,2020,46.8
Vic,Stonnington - East,2020,47.7
Vic,Banyule,2020,51.4
Vic,Darebin - North,2020,42.4
Vic,Nillumbik - Kinglake,2020,53.9
Vic,Whittlesea - Wallan,2020,43.1
Vic,Keilor,2020,49.4
Vic,Macedon Ranges,2020,51.1
Vic,Moreland - North,2020,41.8
Vic,Sunbury,2020,47.9
Vic,Tullamarine - Broadmeadows,2020,39.5
Vic,Knox,2020,47.1
Vic,Manningham - East,2020,52
Vic,Maroondah,2020,49.4
Vic,Whitehorse - East,2020,50.6
Vic,Yarra Ranges,2020,48.1
Vic,Cardinia,2020,45
Vic,Casey - North,2020,42.6
Vic,Casey - South,2020,38.7
Vic,Dandenong,2020,40.9
Vic,Monash,2020,46
Vic,Brimbank,2020,43.1
Vic,Hobsons Bay,2020,47.3
Vic,Maribyrnong,2020,44.1
Vic,Melton - Bacchus Marsh,2020,42.1
Vic,Wyndham,2020,40.8
Vic,Frankston,2020,41.9
Vic,Mornington Peninsula,2020,49.5
Vic,Grampians,2020,48.2
Vic,Mildura,2020,42.8
Vic,Murray River - Swan Hill,2020,46.9
Vic,Campaspe,2020,47.9
Vic,Moira,2020,49.1
Vic,Shepparton,2020,47.7
Vic,Glenelg - Southern Grampians,2020,49.3
Vic,Colac - Corangamite,2020,47.1
Vic,Warrnambool,2020,49.5
Qld,Capalaba,2020,43.1
Qld,Cleveland - Stradbroke,2020,43.3
Qld,Wynnum - Manly,2020,41.9
Qld,Bald Hills - Everton Park,2020,46.8
Qld,Chermside,2020,41.6
Qld,Nundah,2020,40
Qld,Sandgate,2020,42.8
Qld,Carindale,2020,43.6
Qld,Holland Park - Yeronga,2020,40.3
Qld,Mt Gravatt,2020,41.6
Qld,Nathan,2020,40.8
Qld,Rocklea - Acacia Ridge,2020,39
Qld,Sunnybank,2020,40.8
Qld,Centenary,2020,45.5
Qld,Kenmore - Brookfield - Moggill,2020,45.3
Qld,Sherwood - Indooroopilly,2020,43.7
Qld,The Gap - Enoggera,2020,45.3
Qld,Brisbane Inner,2020,36.3
Qld,Brisbane Inner - East,2020,40.8
Qld,Brisbane Inner - North,2020,40.6
Qld,Brisbane Inner - West,2020,42.7
Qld,Cairns - North,2020,41.6
Qld,Cairns - South,2020,36.9
Qld,Innisfail - Cassowary Coast,2020,40.5
Qld,Port Douglas - Daintree,2020,41.2
Qld,Tablelands (East) - Kuranda,2020,43.9
Qld,Darling Downs (West) - Maranoa,2020,37.5
Qld,Darling Downs - East,2020,41.1
Qld,Granite Belt,2020,43.6
Qld,Central Highlands (Qld),2020,33.4
Qld,Rockhampton,2020,41.4
Qld,Biloela,2020,39.9
Qld,Gladstone,2020,37
Qld,Broadbeach - Burleigh,2020,43.1
Qld,Coolangatta,2020,42.3
Qld,Gold Coast - North,2020,41.3
Qld,Gold Coast Hinterland,2020,42.6
Qld,Mudgeeraba - Tallebudgera,2020,41.2
Qld,Nerang,2020,39.1
Qld,Ormeau - Oxenford,2020,38.8
Qld,Robina,2020,41.6
Qld,Southport,2020,37.7
Qld,Surfers Paradise,2020,38.6
Qld,Forest Lake - Oxley,2020,38
Qld,Ipswich Hinterland,2020,39.8
Qld,Ipswich Inner,2020,36.5
Qld,Springfield - Redbank,2020,34
Qld,Beaudesert,2020,37.6
Qld,Beenleigh,2020,35.8
Qld,Browns Plains,2020,34.5
Qld,Jimboomba,2020,37.6
Qld,Loganlea - Carbrook,2020,38.3
Qld,Springwood - Kingston,2020,34.5
Qld,Bowen Basin - North,2020,36.4
Qld,Mackay,2020,42.3
Qld,Whitsunday,2020,41.8
Qld,Bribie - Beachmere,2020,49
Qld,Caboolture,2020,39.4
Qld,Caboolture Hinterland,2020,42.7
Qld,Narangba - Burpengary,2020,41.5
Qld,Redcliffe,2020,43.7
Qld,The Hills District,2020,46.8
Qld,North Lakes,2020,40.4
Qld,Strathpine,2020,40.4
Qld,Far North,2020,25.3
Qld,Outback - North,2020,23.4
Qld,Outback - South,2020,36.4
Qld,Buderim,2020,46.5
Qld,Caloundra,2020,47.2
Qld,Maroochy,2020,46.3
Qld,Noosa,2020,47.2
Qld,Sunshine Coast Hinterland,2020,45
Qld,Nambour,2020,43.2
Qld,Noosa Hinterland,2020,47
Qld,Toowoomba,2020,42.5
Qld,Charters Towers - Ayr - Ingham,2020,34.1
Qld,Townsville,2020,35.4
Qld,Bundaberg,2020,46.8
Qld,Burnett,2020,43.6
Qld,Gympie - Cooloola,2020,44.5
Qld,Hervey Bay,2020,48.2
Qld,Maryborough,2020,46.4
WA,Augusta - Margaret River - Busselton,2020,53.3
WA,Bunbury,2020,48
WA,Manjimup,2020,52.1
WA,Mandurah,2020,49.7
WA,Cottesloe - Claremont,2020,48.4
WA,Perth City,2020,44.1
WA,Bayswater - Bassendean,2020,44.8
WA,Mundaring,2020,48.3
WA,Swan,2020,42.2
WA,Joondalup,2020,52.1
WA,Stirling,2020,47
WA,Wanneroo,2020,43.6
WA,Armadale,2020,43.6
WA,Belmont - Victoria Park,2020,41.4
WA,Canning,2020,46.6
WA,Gosnells,2020,42.3
WA,Kalamunda,2020,47.5
WA,Serpentine - Jarrahdale,2020,45.1
WA,South Perth,2020,47.7
WA,Cockburn,2020,44.6
WA,Fremantle,2020,47.1
WA,Kwinana,2020,38
WA,Melville,2020,51.5
WA,Rockingham,2020,45
WA,Albany,2020,50.4
WA,Wheat Belt - North,2020,44.2
WA,Wheat Belt - South,2020,45.2
WA,Kimberley,2020,22.9
WA,East Pilbara,2020,20.7
WA,West Pilbara,2020,28.1
WA,Esperance,2020,48.8
WA,Gascoyne,2020,35.8
WA,Goldfields,2020,30.8
WA,Mid West,2020,43
SA,Adelaide City,2020,39.7
SA,Adelaide Hills,2020,51.8
SA,Burnside,2020,52.6
SA,Campbelltown (SA),2020,47.3
SA,Norwood - Payneham - St Peters,2020,49.2
SA,Prospect - Walkerville,2020,50.7
SA,Unley,2020,50.8
SA,Gawler - Two Wells,2020,47.3
SA,Playford,2020,38.5
SA,Port Adelaide - East,2020,44.6
SA,Salisbury,2020,43.3
SA,Tea Tree Gully,2020,51.4
SA,Holdfast Bay,2020,55.7
SA,Marion,2020,50.9
SA,Mitcham,2020,53.4
SA,Onkaparinga,2020,50.1
SA,Charles Sturt,2020,47.8
SA,Port Adelaide - West,2020,43.6
SA,West Torrens,2020,47.4
SA,Barossa,2020,52.3
SA,Lower North,2020,50.5
SA,Mid North,2020,48
SA,Yorke Peninsula,2020,55.5
SA,Eyre Peninsula and South West,2020,45.9
SA,Outback - North and East,2020,37.8
SA,Fleurieu - Kangaroo Island,2020,55.2
SA,Limestone Coast,2020,47.2
SA,Murray and Mallee,2020,47.9
Tas,Brighton,2020,43.4
Tas,Hobart - North East,2020,51.3
Tas,Hobart - North West,2020,41.7
Tas,Hobart - South and West,2020,54.5
Tas,Hobart Inner,2020,50.7
Tas,Sorell - Dodges Ferry,2020,47.6
Tas,Launceston,2020,47.4
Tas,Meander Valley - West Tamar,2020,49.1
Tas,North East,2020,48.3
Tas,Central Highlands (Tas),2020,43.2
Tas,Huon - Bruny Island,2020,48.6
Tas,South East Coast,2020,54.8
Tas,Burnie - Ulverstone,2020,47.9
Tas,Devonport,2020,48.9
Tas,West Coast,2020,44
ACT,Belconnen,2020,46.5
ACT,Canberra East,2020,35.6
ACT,Gungahlin,2020,44.5
ACT,North Canberra,2020,45.7
ACT,South Canberra,2020,46.5
ACT,Tuggeranong,2020,46.5
ACT,Weston Creek,2020,49.9
ACT,Woden Valley,2020,48.6
ACT,Molonglo,2020,50.1
ACT,Urriarra - Namadgi,2020,36.5
NT,Darwin City,2020,29
NT,Darwin Suburbs,2020,31.5
NT,Litchfield,2020,34.1
NT,Palmerston,2020,26
NT,Alice Springs,2020,23.1
NT,Barkly,2020,12.8
NT,Daly - Tiwi - West Arnhem,2020,16.9
NT,East Arnhem,2020,11.7
NT,Katherine,2020,17.2
NSW,Queanbeyan,2021,40.5
NSW,Snowy Mountains,2021,41.5
NSW,South Coast,2021,47.2
NSW,Goulburn - Mulwaree,2021,40.7
NSW,Young - Yass,2021,40.3
NSW,Gosford,2021,41.3
NSW,Wyong,2021,39
NSW,Bathurst,2021,41.5
NSW,Lachlan Valley,2021,38
NSW,Lithgow - Mudgee,2021,39.5
NSW,Orange,2021,40.9
NSW,Clarence Valley,2021,42.5
NSW,Coffs Harbour,2021,42.9
NSW,Bourke - Cobar - Coonamble,2021,26.3
NSW,Broken Hill and Far West,2021,32.6
NSW,Dubbo,2021,34.8
NSW,Lower Hunter,2021,39.9
NSW,Maitland,2021,42.4
NSW,Port Stephens,2021,46
NSW,Upper Hunter,2021,36.9
NSW,Dapto - Port Kembla,2021,39
NSW,Illawarra Catchment Reserve,2021,41.38559471
NSW,Kiama - Shellharbour,2021,43.9
NSW,Wollongong,2021,43.6
NSW,Great Lakes,2021,45.9
NSW,Kempsey - Nambucca,2021,39.2
NSW,Lord Howe Island,2021,43.4
NSW,Port Macquarie,2021,43.1
NSW,Taree - Gloucester,2021,44.6
NSW,Albury,2021,44.4
NSW,Lower Murray,2021,40.7
NSW,Upper Murray exc. Albury,2021,44.8
NSW,Armidale,2021,43.1
NSW,Inverell - Tenterfield,2021,38
NSW,Moree - Narrabri,2021,29.3
NSW,Tamworth - Gunnedah,2021,38
NSW,Lake Macquarie - East,2021,46.1
NSW,Lake Macquarie - West,2021,43.6
NSW,Newcastle,2021,43.2
NSW,Richmond Valley - Coastal,2021,41.7
NSW,Richmond Valley - Hinterland,2021,37.7
NSW,Tweed Valley,2021,39.5
NSW,Griffith - Murrumbidgee (West),2021,35.4
NSW,Tumut - Tumbarumba,2021,41.7
NSW,Wagga Wagga,2021,40.5
NSW,Shoalhaven,2021,44.9
NSW,Southern Highlands,2021,44
NSW,Baulkham Hills,2021,42.5
NSW,Dural - Wisemans Ferry,2021,41.2
NSW,Hawkesbury,2021,41.6
NSW,Rouse Hill - McGraths Hill,2021,40.5
NSW,Blacktown,2021,34.3
NSW,Blacktown - North,2021,35.9
NSW,Mount Druitt,2021,29.2
NSW,Botany,2021,34.9
NSW,Marrickville - Sydenham - Petersham,2021,37.5
NSW,Sydney Inner City,2021,33.6
NSW,Eastern Suburbs - North,2021,33.7
NSW,Eastern Suburbs - South,2021,36.9
NSW,Bankstown,2021,35.1
NSW,Canterbury,2021,32.8
NSW,Hurstville,2021,38.6
NSW,Kogarah - Rockdale,2021,35.4
NSW,Canada Bay,2021,40.1
NSW,Leichhardt,2021,41.8
NSW,Strathfield - Burwood - Ashfield,2021,36.9
NSW,Chatswood - Lane Cove,2021,41.4
NSW,Hornsby,2021,42.4
NSW,Ku-ring-gai,2021,43.3
NSW,North Sydney - Mosman,2021,41.3
NSW,Manly,2021,45.8
NSW,Pittwater,2021,46.2
NSW,Warringah,2021,44.9
NSW,Camden,2021,39.8
NSW,Campbelltown (NSW),2021,34.1
NSW,Wollondilly,2021,41.4
NSW,Blue Mountains,2021,44.4
NSW,Blue Mountains - South,2021,41.38559471
NSW,Penrith,2021,37.8
NSW,Richmond - Windsor,2021,36.8
NSW,St Marys,2021,33.9
NSW,Auburn,2021,33.4
NSW,Carlingford,2021,38.5
NSW,Merrylands - Guildford,2021,33.9
NSW,Parramatta,2021,34.6
NSW,Pennant Hills - Epping,2021,44
NSW,Ryde - Hunters Hill,2021,41.5
NSW,Bringelly - Green Valley,2021,35.4
NSW,Fairfield,2021,38.6
NSW,Liverpool,2021,33.5
NSW,Cronulla - Miranda - Caringbah,2021,42.8
NSW,Sutherland - Menai - Heathcote,2021,44.3
Vic,Ballarat,2021,48
Vic,Creswick - Daylesford - Ballan,2021,45.4
Vic,Maryborough - Pyrenees,2021,43.8
Vic,Bendigo,2021,48.7
Vic,Heathcote - Castlemaine - Kyneton,2021,48.3
Vic,Loddon - Elmore,2021,43.2
Vic,Barwon - West,2021,47
Vic,Geelong,2021,45.7
Vic,Surf Coast - Bellarine Peninsula,2021,53.6
Vic,Upper Goulburn Valley,2021,45.6
Vic,Wangaratta - Benalla,2021,49.3
Vic,Wodonga - Alpine,2021,48
Vic,Baw Baw,2021,47
Vic,Gippsland - East,2021,50.6
Vic,Gippsland - South West,2021,49.4
Vic,Latrobe Valley,2021,44.5
Vic,Wellington,2021,44.9
Vic,Brunswick - Coburg,2021,42.9
Vic,Darebin - South,2021,47.3
Vic,Essendon,2021,46.4
Vic,Melbourne City,2021,34.7
Vic,Port Phillip,2021,41.2
Vic,Stonnington - West,2021,39.6
Vic,Yarra,2021,44.2
Vic,Boroondara,2021,47.7
Vic,Manningham - West,2021,44.2
Vic,Whitehorse - West,2021,47.1
Vic,Bayside,2021,49.9
Vic,Glen Eira,2021,42.8
Vic,Kingston,2021,44.4
Vic,Stonnington - East,2021,46.7
Vic,Banyule,2021,48.9
Vic,Darebin - North,2021,40
Vic,Nillumbik - Kinglake,2021,51.3
Vic,Whittlesea - Wallan,2021,40.4
Vic,Keilor,2021,46.7
Vic,Macedon Ranges,2021,48.4
Vic,Moreland - North,2021,39.5
Vic,Sunbury,2021,45.2
Vic,Tullamarine - Broadmeadows,2021,37
Vic,Knox,2021,44.7
Vic,Manningham - East,2021,49.6
Vic,Maroondah,2021,46.7
Vic,Whitehorse - East,2021,48.1
Vic,Yarra Ranges,2021,45.3
Vic,Cardinia,2021,41.7
Vic,Casey - North,2021,40.1
Vic,Casey - South,2021,35.9
Vic,Dandenong,2021,38.3
Vic,Monash,2021,43.4
Vic,Brimbank,2021,40.4
Vic,Hobsons Bay,2021,45.1
Vic,Maribyrnong,2021,42.2
Vic,Melton - Bacchus Marsh,2021,38.9
Vic,Wyndham,2021,38.3
Vic,Frankston,2021,39.3
Vic,Mornington Peninsula,2021,46.9
Vic,Grampians,2021,44.9
Vic,Mildura,2021,40.4
Vic,Murray River - Swan Hill,2021,44.4
Vic,Campaspe,2021,45.3
Vic,Moira,2021,45.3
Vic,Shepparton,2021,44.8
Vic,Glenelg - Southern Grampians,2021,46.5
Vic,Colac - Corangamite,2021,43.5
Vic,Warrnambool,2021,46.5
Qld,Capalaba,2021,39.2
Qld,Cleveland - Stradbroke,2021,39.7
Qld,Wynnum - Manly,2021,38.3
Qld,Bald Hills - Everton Park,2021,43
Qld,Chermside,2021,38.3
Qld,Nundah,2021,36.6
Qld,Sandgate,2021,39.3
Qld,Carindale,2021,40.1
Qld,Holland Park - Yeronga,2021,37.2
Qld,Mt Gravatt,2021,37.9
Qld,Nathan,2021,37.3
Qld,Rocklea - Acacia Ridge,2021,35.8
Qld,Sunnybank,2021,37.4
Qld,Centenary,2021,42
Qld,Kenmore - Brookfield - Moggill,2021,43
Qld,Sherwood - Indooroopilly,2021,40.8
Qld,The Gap - Enoggera,2021,41.9
Qld,Brisbane Inner,2021,33.6
Qld,Brisbane Inner - East,2021,38.1
Qld,Brisbane Inner - North,2021,38.2
Qld,Brisbane Inner - West,2021,39.8
Qld,Cairns - North,2021,39.2
Qld,Cairns - South,2021,34.1
Qld,Innisfail - Cassowary Coast,2021,37.2
Qld,Port Douglas - Daintree,2021,37.4
Qld,Tablelands (East) - Kuranda,2021,39.6
Qld,Darling Downs (West) - Maranoa,2021,33.9
Qld,Darling Downs - East,2021,37.3
Qld,Granite Belt,2021,39.3
Qld,Central Highlands (Qld),2021,30.4
Qld,Rockhampton,2021,38
Qld,Biloela,2021,36.1
Qld,Gladstone,2021,33.6
Qld,Broadbeach - Burleigh,2021,39.6
Qld,Coolangatta,2021,38.4
Qld,Gold Coast - North,2021,37.8
Qld,Gold Coast Hinterland,2021,39.1
Qld,Mudgeeraba - Tallebudgera,2021,37.2
Qld,Nerang,2021,35.3
Qld,Ormeau - Oxenford,2021,35.6
Qld,Robina,2021,37.9
Qld,Southport,2021,34.2
Qld,Surfers Paradise,2021,35.7
Qld,Forest Lake - Oxley,2021,34.9
Qld,Ipswich Hinterland,2021,36.1
Qld,Ipswich Inner,2021,33.3
Qld,Springfield - Redbank,2021,30.7
Qld,Beaudesert,2021,33.9
Qld,Beenleigh,2021,31.1
Qld,Browns Plains,2021,30.8
Qld,Jimboomba,2021,33.8
Qld,Loganlea - Carbrook,2021,34.1
Qld,Springwood - Kingston,2021,30.6
Qld,Bowen Basin - North,2021,32.6
Qld,Mackay,2021,38.2
Qld,Whitsunday,2021,37.7
Qld,Bribie - Beachmere,2021,45.1
Qld,Caboolture,2021,33.9
Qld,Caboolture Hinterland,2021,39.8
Qld,Narangba - Burpengary,2021,36.8
Qld,Redcliffe,2021,39.9
Qld,The Hills District,2021,42.9
Qld,North Lakes,2021,36.2
Qld,Strathpine,2021,36
Qld,Far North,2021,24.7
Qld,Outback - North,2021,20.9
Qld,Outback - South,2021,34
Qld,Buderim,2021,43.3
Qld,Caloundra,2021,43.5
Qld,Maroochy,2021,42.6
Qld,Noosa,2021,43.4
Qld,Sunshine Coast Hinterland,2021,41.4
Qld,Nambour,2021,39.6
Qld,Noosa Hinterland,2021,43.5
Qld,Toowoomba,2021,38.9
Qld,Charters Towers - Ayr - Ingham,2021,31.6
Qld,Townsville,2021,32.4
Qld,Bundaberg,2021,41.8
Qld,Burnett,2021,38.9
Qld,Gympie - Cooloola,2021,40.2
Qld,Hervey Bay,2021,44.2
Qld,Maryborough,2021,41.8
WA,Augusta - Margaret River - Busselton,2021,48.8
WA,Bunbury,2021,43
WA,Manjimup,2021,47.2
WA,Mandurah,2021,44.7
WA,Cottesloe - Claremont,2021,45.3
WA,Perth City,2021,40.4
WA,Bayswater - Bassendean,2021,40.5
WA,Mundaring,2021,42.6
WA,Swan,2021,37.7
WA,Joondalup,2021,48.1
WA,Stirling,2021,42.9
WA,Wanneroo,2021,39.6
WA,Armadale,2021,38.5
WA,Belmont - Victoria Park,2021,37.6
WA,Canning,2021,42.3
WA,Gosnells,2021,37.8
WA,Kalamunda,2021,42.9
WA,Serpentine - Jarrahdale,2021,40.1
WA,South Perth,2021,44.4
WA,Cockburn,2021,40.9
WA,Fremantle,2021,43.3
WA,Kwinana,2021,33.2
WA,Melville,2021,47.9
WA,Rockingham,2021,40
WA,Albany,2021,45.8
WA,Wheat Belt - North,2021,39.7
WA,Wheat Belt - South,2021,40.7
WA,Kimberley,2021,21.8
WA,East Pilbara,2021,18.6
WA,West Pilbara,2021,26
WA,Esperance,2021,43.8
WA,Gascoyne,2021,33.5
WA,Goldfields,2021,27.1
WA,Mid West,2021,39
SA,Adelaide City,2021,35.9
SA,Adelaide Hills,2021,47.9
SA,Burnside,2021,49.8
SA,Campbelltown (SA),2021,43.7
SA,Norwood - Payneham - St Peters,2021,46.2
SA,Prospect - Walkerville,2021,47
SA,Unley,2021,48.3
SA,Gawler - Two Wells,2021,42.9
SA,Playford,2021,34.5
SA,Port Adelaide - East,2021,40.6
SA,Salisbury,2021,39.3
SA,Tea Tree Gully,2021,46.7
SA,Holdfast Bay,2021,52.1
SA,Marion,2021,47.2
SA,Mitcham,2021,50.2
SA,Onkaparinga,2021,45.9
SA,Charles Sturt,2021,43.8
SA,Port Adelaide - West,2021,40.2
SA,West Torrens,2021,44
SA,Barossa,2021,48
SA,Lower North,2021,45.3
SA,Mid North,2021,42.5
SA,Yorke Peninsula,2021,50.3
SA,Eyre Peninsula and South West,2021,41.4
SA,Outback - North and East,2021,35.1
SA,Fleurieu - Kangaroo Island,2021,51
SA,Limestone Coast,2021,43.1
SA,Murray and Mallee,2021,43.1
Tas,Brighton,2021,38.4
Tas,Hobart - North East,2021,48.5
Tas,Hobart - North West,2021,37.9
Tas,Hobart - South and West,2021,51.5
Tas,Hobart Inner,2021,48.6
Tas,Sorell - Dodges Ferry,2021,44.4
Tas,Launceston,2021,43.5
Tas,Meander Valley - West Tamar,2021,45.1
Tas,North East,2021,43.6
Tas,Central Highlands (Tas),2021,38.5
Tas,Huon - Bruny Island,2021,45.7
Tas,South East Coast,2021,50.1
Tas,Burnie - Ulverstone,2021,43.6
Tas,Devonport,2021,44.3
Tas,West Coast,2021,39
ACT,Belconnen,2021,43.5
ACT,Canberra East,2021,32.5
ACT,Gungahlin,2021,42
ACT,North Canberra,2021,44.3
ACT,South Canberra,2021,45.6
ACT,Tuggeranong,2021,43.6
ACT,Weston Creek,2021,46.7
ACT,Woden Valley,2021,46.6
ACT,Molonglo,2021,45.8
ACT,Urriarra - Namadgi,2021,36.5
NT,Darwin City,2021,27.6
NT,Darwin Suburbs,2021,30.8
NT,Litchfield,2021,32.6
NT,Palmerston,2021,24.1
NT,Alice Springs,2021,22.1
NT,Barkly,2021,12.7
NT,Daly - Tiwi - West Arnhem,2021,16.9
NT,East Arnhem,2021,12.4
NT,Katherine,2021,15.9